metabolite_id,SF ABF180_1_R1,SF ABF180_1_R2,SF ABF180_1_R3,SF ABF180_2_R1,SF ABF180_2_R2,SF ABF180_2_R3,SF ABF180_3_R1,SF ABF180_3_R2,SF ABF180_3_R3,SF ABF180_4_R1,SF ABF180_4_R2,SF ABF180_4_R3,SF ABF180_5_R1,SF ABF180_5_R2,SF ABF180_5_R3,SF ABF180_6_R1,SF ABF180_6_R2,SF ABF180_6_R3,SF ABF180_7_R1,SF ABF180_7_R2,SF ABF180_7_R3,SF ABF180_8_R1,SF ABF180_8_R2,SF ABF180_8_R3,SF ABF180_9_R1,SF ABF180_9_R2,SF ABF180_9_R3,SF ABF180_10_R1,SF ABF180_10_R2,SF ABF180_10_R3,SF ABF180_11_R1,SF ABF180_11_R2,SF ABF180_11_R3,SF ABF180_12_R1,SF ABF180_12_R2,SF ABF180_12_R3,SF ABF180_13_R1,SF ABF180_13_R2,SF ABF180_13_R3,SF ABF180_14_R1,SF ABF180_14_R2,SF ABF180_14_R3,SF ABF180_15_R1,SF ABF180_15_R2,SF ABF180_15_R3,SF ABF180_16_R1,SF ABF180_16_R2,SF ABF180_16_R3,SF ABF180_17_R1,SF ABF180_17_R2,SF ABF180_17_R3,SF ABF180_18_R1,SF ABF180_18_R2,SF ABF180_18_R3,SF ABF180_19_R1,SF ABF180_19_R2,SF ABF180_19_R3,SF ABF180_20_R1,SF ABF180_20_R2,SF ABF180_20_R3,SF ABF180_21_R1,SF ABF180_21_R2,SF ABF180_21_R3,SF ABF180_22_R1,SF ABF180_22_R2,SF ABF180_22_R3,SF ABF180_23_R1,SF ABF180_23_R2,SF ABF180_23_R3,SF ABF180_24_R1,SF ABF180_24_R2,SF ABF180_24_R3
PI,8.45116211652697,8.326328795019968,7.655080859701275,7.4214778546057545,7.549741207879787,7.826891952827989,8.290492659470392,7.991878066881306,8.125628237503346,7.9510868386030715,8.205729542243617,7.7045069279046565,7.7336718651545056,7.423198638287307,7.555453216067871,8.067772121770954,7.983936480538432,8.033519563953867,8.281748999184302,8.072345083526198,8.115660966633499,8.197138469386314,7.985015589878731,8.103160219976942,7.978961100169819,7.814464515160477,7.782893801517378,8.000748997314007,8.097260191869811,7.868383680134254,8.484992969085152,8.109095443605877,7.886777324480249,8.059103521993098,7.811004910622824,7.753943305473605,7.963657870026761,8.1415774926861,7.745430890547077,7.535150381531803,7.714018157719664,7.907601753673994,8.222646451750464,8.082035726978283,8.098427502054449,8.079281534856772,7.693040298480721,7.913919708081302,7.595714667749185,7.936977076597405,7.53908988572968,7.964429720416412,8.053911010876348,7.604771374653506,7.524273316877011,7.428218610951877,7.236022345639299,7.510582188322434,7.403898362596809,7.319986495703127,7.907425479222191,7.722615588888971,7.639649183247148,7.115088288944396,7.38803861568616,7.297237233552238,7.31093322801987,7.419701590088131,7.4205929318604475,7.562192807330348,8.007684661316176,7.937853966866811
AMP,2.2275293353596055,1.8407782492567044,-0.5068697944983427,-0.08033351229958541,1.9968839156064746,2.206182499620997,3.4408447796226618,3.2458676711822356,3.3185522926704856,2.970672549740538,2.8042549629235367,2.7571024879132686,1.616643167572878,2.4129925246045865,3.456745683642133,1.7974754888600692,2.9506403823884426,3.0640360275518717,2.938175826101954,3.2531994170753613,3.5823395679187833,2.791015895966037,2.7211161024322763,3.1654874434376516,3.166615511675076,2.328547581016764,3.1008868866997155,-3.8721688866256514,2.637977955807429,1.1147415206547606,0.9891194217664285,2.5232230254088712,1.2466400056728197,0.5709028204477242,0.5418772830071816,-0.025830501787698523,3.469602234893369,3.5989200535850436,2.094678592211906,2.9605758063051866,3.0660393980173346,2.876343189985313,4.028087106600999,3.54919101554124,3.7550199306335266,1.2847453345017925,2.345768936442152,1.3738046351815605,2.990067654889362,3.1400688703555772,3.4529366390788994,2.969600791693985,2.7966610014605173,1.0063863813771619,3.5642578961627542,3.278745485307251,2.770742386753586,3.2054363955325442,2.4133604134039146,2.0491739056642295,3.719105298485484,3.1911450918599122,3.6690728641977124,2.5274429678497334,1.065925489049249,1.972899968943544,3.136622629034097,2.946397959627916,2.675493015320079,2.857099701418978,2.721161938940611,2.7593093313799244
PYR,0.11968667634329222,0.677789269183311,0.718626038105981,0.6585070340970169,0.889972916653889,0.8510902340710977,0.0,-0.13461001457982746,-0.09602830105529492,-0.0774852518153537,0.024354774549070868,0.007294277388847803,0.10995884095138919,0.23774244450676107,0.11701378394960926,0.14612243485110454,0.2015395492433676,0.47540534952394253,-0.2513732419889436,0.15180463191052596,-0.11267347877654288,0.2940080123110178,0.11489013126773884,0.07379607467808569,-0.2634858577371304,-0.12375354044908704,0.17406482785449384,-4.120722524989056,-1.0725713602789693,-1.5243880702013275,1.0604171497936008,1.0481062986900511,0.8951221310958068,0.45326457702648426,0.42929690238664264,0.008318694229675572,-0.04882248167436387,0.0014321683645661665,-0.0939380826932883,-0.31972936349148284,0.45048011737228677,-0.684713298926475,0.17615062498754241,0.12611449742112768,0.424485439589553,2.463903104424226,2.2778294130846675,2.3630563415972183,1.862920402811504,2.7618240232376436,2.712743215086249,2.914060722296103,3.033161909398821,2.7906195909961546,1.97595306045897,2.6528671088376257,2.9010938097121013,2.9465753372865002,3.036015162380462,3.1998340613555882,2.1761674018406723,2.4326036544907588,3.199093951858707,3.0025470394529776,3.140019211610994,2.98727916692841,1.3978829548195826,1.5585866710682232,2.0167317864610474,2.638017690288841,2.788836619626526,2.4987049512632247
GLU,6.295578828249919,6.354702160143301,6.274242894059324,5.602697122110662,5.1651267881939695,4.806136961237225,5.35332941197785,4.030779979345581,3.5055344237358383,5.208750881299434,4.091053132424655,3.043084129284516,4.9507655969298625,3.8825424998835807,3.7994374006100564,5.8642973318357505,4.949924422466477,3.952433360798974,4.967360639306911,3.547527010508059,3.194973963419958,3.0670493710432076,2.151589109949832,2.527300172726626,4.811373782014563,3.665596620524976,3.055886292029257,0.0,2.1221657222916903,1.0056137226509243,4.507552419009542,3.033535698102284,2.4902987858694843,2.452538812199073,2.250802787903041,2.3007471075329917,4.8993653078533725,3.5009007282350915,2.730764440057772,2.5962400900379947,2.389395684492719,2.7918045028848617,4.841468146932314,3.518690182967081,3.332041210343739,2.170922911714552,1.2472267845558775,1.3668346205543536,3.62674709439656,2.996112549264897,2.652620412125753,2.1177479551384195,1.6992199762643914,1.6228340946881552,4.6265833595422095,3.2284496171137462,2.7054173717791734,2.4725709137561367,2.008487116939996,1.4511726901399449,4.685902460099175,3.2613376432758763,2.5501305314081293,2.063020219288358,1.6070976870590705,1.479613566317937,5.297929440642662,4.423511245645642,3.88094310267174,2.4560187704141114,1.962964995006054,2.521302815056888
GLY,4.596391686573927,4.639346530116441,4.550688779584302,4.955307197830525,5.0820946615090925,5.298135378219957,5.064827263558691,4.883925898430011,4.812913480319427,4.883800798835942,4.882123334054668,4.467871001568117,5.133887221223688,4.97945814936692,5.069417382556935,5.114487158856054,5.1324618231278265,5.083400179663936,4.8334494277400815,4.712653339058168,4.792292538934689,4.830072907797653,4.493376562154893,4.466150240087536,4.72046622186139,4.709817215692901,4.695141717016849,4.282046227545825,4.402416422561739,4.1841035032275045,4.257245235872279,4.453312934317712,4.308667159275544,4.30457086627327,4.13883070537366,4.122071601694373,4.670038147463131,4.673106105896441,4.44736636213338,4.502823321233464,4.472253412093892,4.777595609975176,5.163980788670802,4.865566212039063,4.980843757671472,4.0912310954119455,3.9289410430698304,3.990175732908174,4.022598059332093,4.33158306085279,4.1937198479562845,3.9940007244928566,4.053598784790669,3.7167971966445883,4.280891170556295,4.19071852942691,4.013148507272348,3.903420124644491,3.7957039127654575,3.705042183312358,4.345147415294331,4.241069651101711,3.917266711417728,3.7624800516395958,3.7125481720863895,3.652548499104192,4.653865157390829,4.598010383405704,4.594874657882269,4.126540021744191,4.368322288112061,4.191530707363867
ALA,5.499417072313221,5.566166338803338,5.40954225287463,4.908102569623647,4.9795157659489,5.069534946978575,4.254178851230119,4.285516092596051,4.191797392361565,4.277169736462078,4.264148862791302,3.9265711783301107,4.652781282910109,4.50517649743583,4.628067194800078,4.00865310788036,4.074776104092258,4.149128245341849,4.372740027740697,4.12207741917852,4.1442899400150885,4.3193563637600825,4.084279612116607,4.212112958146232,4.290025815074738,4.194900281017993,4.329175833421203,3.146731562040946,3.39264370575318,3.2176512964435275,4.408121196743274,4.386565364685989,4.518645678458697,4.369795848273199,4.182368529258881,4.106609099783753,4.088503283540785,4.09086560499393,3.9206547572163224,3.9371363907370593,3.7909596933318923,4.250719995365987,4.675951938063012,3.9771286138005237,4.092135688042127,3.161031273831579,3.223100434092931,3.3903387849906146,2.9416754355941066,3.428935731905412,2.9801225363984862,3.465632754889736,3.6063575886632506,3.159841595279513,4.224289076721689,3.824941715706508,3.6431402203025733,3.6293459766437444,3.494316584732374,3.494064265921505,4.005132928405292,3.838649818825658,3.946308260193611,3.468723969890295,3.6867783659544706,3.840839785875776,4.3739242616662075,4.394615669821885,4.487415095331496,2.159535535442142,3.6635751435486625,3.3113797751297334
LYS,4.945951461017991,4.168269932573118,4.2606717165427845,3.431039549155159,3.94761883155892,4.359908844341593,2.342338390153639,2.5430170946840356,2.1055183950596614,1.947520783711738,2.2439390424995906,2.5177235780117684,2.207734994697198,2.1792256626226845,2.379853968359466,3.2567143575188986,2.5670064270780486,2.638119860486107,2.214859015057094,1.8011688402420987,2.2675613253171143,2.3712530192829995,1.932754709801813,2.1433592276344804,2.480431682543262,1.9788986235127517,2.4094480406475967,2.075023584616117,1.241289191927983,0.8335554820485029,1.7851354633338943,2.5084463599803293,1.890991614933398,2.39104712502343,2.477398369518575,2.8340312302983754,1.9787245752689557,2.1537134148680686,1.9422178461450557,1.870714236008208,2.2199830772900206,2.4676116845832468,2.1290609596192986,2.1056699991673895,2.402348829387403,2.490352467997088,2.2618286581338864,2.3223369195035453,2.418494444349111,2.6404668507722597,2.513855541183119,2.6911833650296515,2.489474326463437,1.5829020028085878,2.7369129776724463,2.706172595785727,2.673646259289999,2.74341139506339,2.569181373217873,2.5964629155608883,2.888061466024613,3.0362306203294693,2.6900711806261377,3.0866432329185614,2.561483376314534,2.700501061426756,4.072287275320804,3.982075312620335,4.076964938399261,2.8561189074741478,2.575364041498343,2.402211524631735
ASP,4.659902633164581,4.31561771862674,4.0351035202759284,2.7937841206523224,2.4047760685941633,2.5625566094097607,3.9270295044360246,2.8973422107433784,2.619220845149737,3.9614764728624863,3.2435339383278325,2.1955141288108635,3.2627520194923854,2.688323398088908,2.7169397170500034,3.4702502400941384,3.3064930506757584,2.637413523973798,3.8985252720505734,3.129363618140694,2.421337772419413,1.9129738677795984,1.4179003320312553,1.5049599752303848,3.615985371181555,2.5273791481723507,1.7001534793545758,2.1220368810071175,1.3865463866609602,1.0015078659381658,3.6850955299117985,2.5777073174775893,2.3506069915713717,2.2863075029030213,1.9444068074456275,2.0448602287175675,3.4468976528330657,2.633312811324501,2.0338469687626066,1.7930438328503193,1.4142705816655834,2.059859583682787,3.687743672026354,2.99820519982282,2.14340483822334,1.4496029715753593,0.8187476585607065,1.0696321202360295,2.070111488474975,1.6494008866852177,1.2943564332261523,1.4642427225014139,1.1448171032017562,1.275487482471199,3.217590800252463,1.9944226913670668,1.0190604159017873,1.4089680392136081,0.8322429048817455,0.9170918552013383,3.073608760942669,2.099781959678573,1.3082460863940852,1.412145312444622,1.0165337736080389,0.7389090684035615,2.6790940431543717,2.1851214855171293,1.6380419234388697,1.4641234861910526,1.2476762454143149,1.5129106588285808
GLN,6.738947170163584,6.491288660631007,6.32839940397497,5.37089754108889,5.378723275266381,5.673887340421079,5.543738406188599,5.355101265377442,5.593112052136345,5.551372131331409,5.609539545368346,5.286868346687548,5.2007288178933955,4.774089346996913,4.842294764734245,5.691763430235248,5.307739098036027,5.30755964004711,5.284751432744496,5.198062913176841,5.5034762319501205,5.379308459738727,5.0901580940887,4.885423057749403,4.972115535484235,4.382775289396363,4.680456931950484,4.5297873422421,4.921812009302002,4.787816666138504,5.474031198866278,5.459281761295937,5.555202664579152,5.798440543550537,5.317921758991044,5.4939596284938474,5.453562044922865,5.406950783465106,5.745790298918152,5.247545586160317,5.474401344334677,5.747706838891936,5.364756833800797,5.34236163400346,5.45558290424534,5.6746032161015805,5.432690815336581,5.489381932396967,5.173602783460982,5.581408084050796,5.6421890011946445,5.6730302900799,5.703750899027206,5.397967634588973,5.501117443686741,5.400890236334629,5.440044264518512,5.590874820316639,5.595346502865599,5.452613990537749,5.84451436401223,5.59808715967489,5.456459246128997,5.761447917829656,5.29929413927098,5.366738466656255,5.601629248960151,5.50985323121818,5.44526555785049,5.579257585977981,5.535678322139777,5.516001557572874
PHE,1.4814765576548083,1.415521909559935,1.373822337504368,1.1002222399305772,1.2987711404924092,1.4285328319348558,1.1081012758342723,0.9480846660630746,1.0190731910938169,0.8258250717479676,1.171493160687394,0.7820010391893568,1.1403813801059215,0.969786209948289,0.9221467032090374,1.1099126253811562,1.0275431373784265,1.1688591172477238,1.1253928141422307,0.9644809648941397,1.260092259423054,1.2952884771107698,1.092074133854755,1.0930233103997544,1.042451344220769,0.6935372849641297,0.9882084092534349,1.8664628232752865,1.384572008311192,1.3219356230106634,1.0466745500308896,1.391722682300422,1.1741909816668752,1.2291230389551515,1.332718883361224,1.2978010517541776,0.829839439350863,1.02532655081475,0.9405861923966157,0.9478807122654906,1.0238966060507124,1.4093167301178546,1.236930299218372,1.1774994821396199,1.2386377265209525,1.3128693641572369,1.3028793428786258,1.3516257921449473,1.0043470224715598,1.4021352253158916,1.351851323502661,1.5931612320792325,1.6580910980449595,1.5114803907388747,1.8598864843276672,1.662404427572966,1.7924678595033114,1.7509509252463786,1.634831503587133,1.6676669720849873,1.8588335542919658,1.9079220062891409,1.985845327491429,2.06253050567506,1.8909725358711427,1.7751808310818298,1.2841983539063833,1.2714234261067112,1.2540773192895003,1.4460997092547885,1.494026971162068,1.445386468079537
TYR,2.9284881274911747,2.79120447499794,2.8531750607115782,2.713553689789549,2.2032527170281675,2.713757041781477,1.6066488078534782,1.827881183206678,1.8601712942058484,1.677088141279171,2.00342476173212,1.594714687572612,2.6276268046249776,2.3198392951532156,2.200775934957015,2.147953794577802,1.3953036200566764,1.3423425319910507,1.1525013805866848,1.6105909316833902,1.5655617521660936,1.8076309043501482,1.7402477451233764,1.3884554556315045,2.1577873132284573,1.8326634136569204,1.6567705557169283,1.6896121868970528,1.5201737970705125,1.674723269094649,1.9462834855816418,2.0177857978013733,1.9544872321255617,1.9492720962520487,2.0150156554697105,2.036200077517041,1.136018499898178,1.2182798870642024,1.7178072992165738,1.573763292739926,1.4531492395573586,2.2119297520572836,1.4429601015588425,1.3169788549116497,1.4075544241272873,1.3856519424756222,1.3331280844429756,1.370849785276821,0.9505606354149414,1.4437433804397237,1.258076192047941,1.6296740725431285,1.5276548910854686,1.611783909735756,2.1042948450965433,1.875875802182975,2.185511802008641,1.7963994135204437,1.8491722238186625,1.9283572684028165,2.163176050262866,1.9696220020789283,1.9880399968615627,2.3277093039084917,2.003195486697713,1.7966584665143657,2.3116368420410645,2.2087697245128233,2.1919865317764184,1.546576679366833,1.3462365077076974,1.3499826662516696
GL3P,1.7010061664539364,1.862722586512806,2.1719232385292138,2.9540433483383026,2.206232762365918,1.9428707539233159,2.8127927709451512,3.4702433180082757,3.6327322085271305,3.5461604317570945,3.477665186372107,3.1666136174584842,3.0965938167249725,2.3671362913146936,2.256410000313643,4.105597628626477,2.7533279967232644,2.697787248168865,2.291684363536884,2.670757069469392,2.867493393078167,3.3084008173638217,3.895923328264363,3.4070115260678335,2.9279362609513306,3.498141670641729,3.0911395886906448,4.574051336265976,4.364457574425668,5.208389056152257,3.109513226404218,3.4300008416764918,4.005734953701225,3.6489218751449073,4.180415539624548,4.068537698503135,2.7614057330199095,2.3161291590533395,3.946814889733222,3.874465797669121,3.0198328384723823,3.6533274204035493,3.0232603358724255,2.6843611097237847,2.9461233846024513,3.0854546986847815,2.823254286570151,3.441552116072309,2.4078893590627395,3.9461530328603125,3.0530152624838003,3.161886088652139,3.7196025688805605,5.040832562048635,2.5775521280919165,2.464206682061839,3.414913536163567,2.7607614887837713,3.8821469026841164,2.7991366075872683,2.7030591635291685,2.18881645456171,2.524404606347151,2.8448947520740937,3.290532875057739,3.188409591074329,2.923049249085725,2.8061230078380675,2.906534500089201,3.80483241115272,3.7787311867835385,3.3803806823706566
CYS,-2.8763097270211837,-2.775934913937805,-2.7579880682687303,-2.989545307192488,-2.9263235516764823,-2.658635987293909,-3.0074541874471112,-3.153043517180704,-2.9803640888536265,-3.2278490757549196,-2.8002968561105295,-3.406166516501072,-3.2513024020778847,-3.371714710917482,-3.861159635471971,-2.8453363915103296,-3.169778258636182,-3.388789620407188,-3.344398868118491,-3.344174205695694,-3.205328803883509,-2.8736295357384147,-3.2893420030245952,-3.2243757535247326,-3.0620976469043555,-3.433370145781538,-3.4093554684528655,-3.169082730872617,-3.216236938134916,-3.3904793932664408,-3.0486890945106495,-3.013781680186339,-3.045465830131441,-2.903856118296309,-2.997850738672259,-3.243669212149472,-3.708057626998226,-3.304939136883343,-3.3245001269898538,-3.3544544014841104,-3.192420719212638,-3.3025768315908763,-2.843952990235648,-2.8353203440210244,-3.013278449520092,-3.159122929232364,-3.5781982168171265,-3.2533187997361974,-3.3675902597788685,-3.065149491576637,-3.3370928951598557,-2.9676685347997473,-3.0287461630980737,-3.0100830450165805,-2.7484415048445587,-3.013443554284569,-3.004173855075816,-2.962174500282458,-2.9018561124782245,-3.1540116588779483,-2.6843670368529793,-2.770355073057802,-2.8939123805353617,-3.146664596345424,-3.1967459343148743,-3.236952667239116,-2.714677203956329,-2.8451114805336353,-2.651570189368572,-3.072647983299815,-3.2601775691347967,-3.282652655876218
bALA,-2.726660655582757,-2.67460491899136,-3.503963137851457,7.703582709226467,7.699397042099378,7.968298627578005,8.864057122273305,8.687096540690508,8.6822395550962,9.009129895545758,9.179617332600344,8.776286716438527,8.538483588426615,8.147833496488275,8.269733350318575,8.880543080269163,8.64942121392286,8.580555517928449,8.994304931551628,8.841577545383206,8.934415409872507,9.089388403683134,8.727862966814882,8.96592383085423,8.899787453504153,8.741280827138294,8.794851893892119,8.415706503089753,8.73649398344332,8.496468170938925,8.671562628040235,8.693655297549007,8.680333895799315,8.649473194723239,8.584134350322149,8.576681367788844,8.701430169743453,8.73187407059277,8.892898746859942,8.732087321486965,8.858015427400243,8.997792340732278,9.448624323719613,9.119178149235989,9.189982079795037,8.507150917228824,8.35817037830773,8.502961972728492,8.477126468833418,9.002167482073343,8.54132731103958,8.671526439164897,8.665742518958147,8.540679645778027,8.562806155429907,8.47568418406933,8.419347571199904,8.803089814705562,8.693279226310239,8.52197290955931,9.082186310286719,8.833537810433302,8.835587698289995,8.375525822366008,8.571052252616159,8.630487470514723,8.311450675297817,8.368349138334327,8.327762941343575,8.848098754284752,8.966264044945813,8.678905756215304
UMP,-5.391404894305195,-6.261687145347475,-6.261687145347475,-6.261687145347475,-6.261687145347475,-5.310739069684034,-3.3252113161047863,-3.3758260882633664,-3.4828154439078123,-3.20022202546242,-4.058727849064125,-3.905817478814477,-2.5567979652538817,-1.6397288472476141,-2.2838495379755326,-4.135009024293129,-3.936211213926452,-4.475649198139161,-2.9482501424594805,-3.283935005086212,-2.747267282993354,-3.571618952514008,-3.4027490893098573,-2.9390139312355785,-2.782266285606779,-3.642048249320535,-3.425106258089965,-6.261687145347475,-3.286286584250133,-4.122705006795737,-3.8417141959232026,-3.5568859399862696,-3.029580052922407,-3.708247135455597,-3.4025616380908463,-5.541636236660965,-2.710306337061251,-3.170925474130039,-3.805770726173865,-2.535564453550153,-3.9639463038122837,-3.8022225614576524,-2.2515139695596247,-2.697592866485179,-2.5088129234551566,-4.5485114958938535,-4.33375812431413,-3.566590591647927,-3.8940210123780297,-3.4249325077522563,-3.226897993918275,-3.2074414378367244,-2.2429771192195567,-3.605993038008638,-1.718941959770552,-3.061971885680684,-3.7236594879110623,-3.3391239485127073,-3.778866451399974,-4.510674345844473,-2.3873297168390533,-3.4056755945267767,-3.080725935752387,-3.21000212275327,-4.180463188391913,-3.7534248086058515,-3.3596646936645325,-4.040750054924397,-4.71865638268398,-3.1326371900408034,-3.35097167188065,-3.073482300956776
GL,3.2732461648021065,2.7015988944078053,2.62875449257605,2.478543399904119,3.695854322697226,3.0483578604038684,3.7030809057363,3.943222094509352,3.378739772320859,4.088087804689849,2.5671491329831753,3.3895940352610374,3.3034437370079566,1.9505183256369847,2.8003028751452206,4.422028784051005,4.094977984060176,4.330254636207041,3.2230648565095166,3.0169102237627747,3.360184942888033,3.209372063190802,3.6983940139798896,3.468982038210168,3.381107209446597,3.2773012932303054,3.978855893591625,4.674534633785877,4.416772062914362,4.154224849669937,4.4329316881956835,5.022644675406408,4.304203358851385,4.798559164085681,4.980512821251725,4.298513293035807,3.31911065881771,3.4167142194461313,3.2722094454705406,2.996175621388222,3.2805377599845755,3.760709263616139,3.519898688571306,3.8531545065127517,4.934286516824237,3.8491361345255335,2.8723196960943795,3.260924888250031,3.469235449913576,2.589736408030266,2.487361101166343,4.351238181787327,4.286033476509324,3.743786297582858,3.0587821675755933,2.9957000420712347,3.541691090813682,2.9942466227010023,3.518990444138339,3.083303014047388,1.8250130951609904,3.0112871112938144,3.387102141512539,2.8943421896131767,3.3540887203746372,2.484736367882441,3.4268680820142485,3.272069154941711,2.9709411877226017,2.9796599021219983,2.7218025224451523,3.2897850617453486
RIB,-0.2718630063779752,-0.21056810543997528,0.15959684640062832,1.0240870378691902,1.0601421863112996,1.557258932577458,0.9232678816234632,0.9851760713913116,1.101613652902106,0.8366357989674498,1.1525063733537202,1.0163960905801126,1.6689820589942492,1.4847662924443341,1.2779772093614241,0.89561573907746,0.7166423593325675,0.643169101177044,0.08119504519470411,0.5557300234800593,0.7108409537522036,0.9459837087953673,1.0347316966793478,0.9345687550562864,0.890876677308853,1.0018477468768054,1.1060277720141336,1.8933811325142802,2.131492850508259,2.11337529732673,1.1090687125516006,0.8643256354386857,1.416613773446766,1.6184205208703197,1.5748833914639206,1.540734503979749,0.45018149065091606,0.642389243878231,1.2635474352895883,1.2513308147562974,1.0061271498833406,1.9845248612123676,0.774101775764759,0.6956945534047136,0.6981397505754146,2.2323649616320793,1.6071911307937512,1.93576186824545,0.9267121117990378,1.888035774803317,0.84875772428666,1.7669569650417252,1.968067665180989,2.291437650997512,1.0751289207942634,1.5478211501397503,2.0889517641032214,1.8228377728869987,2.313542716654805,2.241230793508116,1.6766261072370874,1.1650037185167292,1.6149720359723752,2.2087315598604924,2.2380839741181333,2.0675079382415156,1.1497201443134202,1.3955388434325222,1.3623603200161796,1.9023535303015358,1.9733969003218093,2.1833465821500546
FUM,4.1585120852214885,4.461445578982861,4.6769302572216525,4.280291973580095,4.434698980366161,4.479369863361871,4.672302769401064,4.755362210078193,4.9096288397118535,5.163263440432026,5.178401406878631,5.1230210147593205,3.912118569065967,3.5265984662182035,3.462974330822764,4.832935780456751,4.0650046723929805,3.8496394699041794,4.010162553597379,4.129454506765498,4.263483452367897,4.3889207365674,4.110188451805506,4.260297511451103,4.369933688200007,4.206254157962135,4.30142469540251,2.09043350925557,2.8392707204431353,2.717180920771419,5.177573870305839,5.041524165122301,5.254218888982326,4.866491820075925,4.756172419515092,5.089918699025581,3.8430598554049844,3.8889185609973325,4.394255584226073,4.217123641331142,4.503455426355945,3.757246514144878,4.0035117662659445,3.6614451109944994,4.088801227460269,3.6061779376472636,3.684322230146133,3.365097705704148,3.4946206313875656,4.072657311112309,3.7143532691595453,4.638234328841779,4.581603195646974,4.505315181098176,4.735145598998695,4.040030241414598,4.535771786236587,3.586111016223885,3.886195538540896,4.062395157623911,4.138810517844298,4.109417057854678,3.8033463403146612,4.085758121103428,3.7083301808042464,4.012434035388189,4.2699964807358874,4.161764563117387,4.391759262495189,4.326293963949723,4.2031716890804205,3.7675430585944163
MYOI,3.7581757880299307,3.6801939490953863,3.597520547960851,3.7200653734931386,3.6556924481500097,3.9911150626040275,5.145733767923176,5.066308553746655,5.093372557790293,5.133208907356607,5.373795192700172,4.800063803247269,4.93851308325598,4.75182901432326,4.892022242460577,4.695213090754574,4.5407047136728345,4.386127061583576,4.996777579014704,5.0064225242836145,5.173140750497158,5.058694978167686,4.788882713351093,4.760304204347879,4.768973843849224,4.815354984107177,4.705439031081333,5.331062383785886,5.246249465852024,5.204322213830558,4.534132554066456,4.700940898005996,4.676366755478021,4.688128990028815,4.563825487709774,4.414295739545921,4.935432580006353,5.03535580754933,5.039945376526486,4.780522430004879,4.753343133988626,5.267123806337967,5.232109271891485,5.025141610231401,5.092853551918495,4.524482628673457,4.316431412476103,4.451870332638823,4.024693641758098,4.462496943285565,4.34392038381754,4.452919752357136,4.5734105564097405,4.498905907529647,4.395397407010243,4.423420475371188,4.360248859668648,4.2469894920943965,4.306014652601387,4.022980637249045,4.49648810527065,4.361770517698268,4.2357073414590545,4.189853485706191,3.991573289216305,4.1718946708425655,4.127168033590618,4.002888856351884,3.9532666968284467,4.717241781346612,4.620795637369952,4.596559541878019
AD,-0.6913158195709812,-0.8176169588311932,-0.6669105439090668,0.4202533525474905,0.2387143792504176,0.5874955759582328,-0.7239492288185261,-0.8640083354296273,-0.8026231084446032,-0.7326145224567746,-0.7300924295514086,-1.0871225928912658,-0.7453486253986661,-0.819854680160887,-0.8922034585374661,-0.18390984479588113,-0.5912611044145386,-0.601830068001604,-0.9018276588604,-0.9402089299322807,-0.7569603879176761,-0.7564883132645619,-0.9276499228853297,-1.0682348721264017,-0.5320344746449663,-0.8165619357433886,-0.7980696316919236,-0.7630629003347931,-0.7750743418569641,-0.6720735084403486,-0.7307498016539284,-0.7409273749448211,-0.6006354395612021,-0.6848374520943814,-0.5958867578512965,-0.6316835782203079,-1.1553894763104502,-0.9086109718325428,-0.7957213025599081,-0.6559901877818106,-1.0094662892460509,-0.6476375064903515,-0.6602211340366857,-0.9725874235040273,-0.760247840177442,-1.2002349744785512,-1.3279918435788396,-1.2120853834389038,-1.6908431436289941,-1.0585747781327353,-1.313239664114512,-1.02925815203894,-0.9325695405342334,-0.7736202139937269,-0.9074412627188266,-1.106941787786642,-1.1478541947840348,-1.1510309598452935,-1.1387587697721724,-1.1286967172862141,-0.8447214485541572,-0.9449284876892179,-0.9355825977691303,-0.7866397228661626,-1.3935534440738202,-1.250589302033763,-0.7176372741529633,-0.6908176490745852,-0.7266614265488585,-0.9872552747803454,-0.9890070459065612,-1.191525908309604
PRO,0.5660942989929723,0.8542814406577364,0.9574032344120127,2.886550432397815,1.9782645172595608,1.6871164214276142,3.2557744833941094,3.749624061959821,2.192370080453099,2.4021224297003165,2.8084485102601597,3.4651948361583322,2.583326967925295,0.6946080431862889,0.6340398755683267,2.60218443258389,2.199301892234267,3.7993122041380794,3.3613145613002615,2.541944589083908,2.0123121113279474,2.151630597040672,3.005375160466535,3.1653872555993736,1.5766916492974232,2.1309570035270866,1.8906719779056687,2.033627928232489,2.5990234268085324,2.764816618040225,1.33187727432216,2.340262105786362,1.7100765464470165,1.5549167572540732,2.5514806261131433,2.807892349694203,2.6370470561106636,2.607309667179525,3.6399222017047457,2.342494874033285,4.069571558872369,2.938076316473932,2.8602230213612536,3.2490697976781107,3.552776890924214,1.688402124653905,1.4653722672657388,2.9114432822006897,1.4203755731268615,1.3012374771475201,0.9462125104985297,1.962749217389348,1.0394972591019034,1.2684423592646397,0.346772562950612,0.4661086732360431,0.3125065302021177,0.9376560879491471,0.8169468529810473,0.9451239692250759,1.0223957965353137,1.4587934858503147,-0.11055035048848083,0.4533018837107399,1.7388650294323043,0.9272572820848062,-0.005066876572644929,1.1718230082622227,1.2483890169263425,1.0190035020563144,2.4222182508379078,2.6714913466883026
MAL,5.522314817916936,5.78985979588359,5.823609093822824,5.406461343894822,5.61022386368348,5.694115260327347,6.255198325960976,6.00266534539378,6.035258041116933,6.363855109174612,6.384435591835768,6.102195336158317,5.495366119903316,4.94279344098566,5.2541576437569475,5.931268258063117,5.76153711409539,5.635131785746292,5.637774389861338,5.517017318340589,5.604678700351737,5.538750239805925,5.3427254382827805,5.520719626907187,5.730867436440494,5.454173650333967,5.565721649477254,3.7921843751385236,4.108707306953001,3.974543655236296,6.149978303645476,6.193760159680071,6.176896583498774,6.050183355733328,5.84594872102878,5.947730217210001,5.676909256836122,5.731114886354842,5.472011604232385,5.363388943089419,5.716221202534282,5.307884756333159,5.646099830797958,5.532668843749782,5.565950213014808,5.186582969941128,4.813848567400818,5.028056673008379,5.340747787212514,5.441997179134177,5.2361621216838365,6.04747966544344,5.860040387808109,5.755372054192609,6.1767695199357675,6.0266400215468146,5.907530915563989,5.56366435572404,5.25140901431422,5.276573044874876,5.9101777603554275,5.783918944194003,5.653698295613985,5.590695879542199,5.38237938037096,5.190856732885738,5.967452259371523,5.9999260836336425,6.024093561368197,5.679724342428894,5.507626827914702,5.337229143296376
ASN,0.7830989936351358,0.5126962019484367,0.061749442259856124,0.5474174378587904,0.4641967269678986,0.9547542434301164,2.162260527578905,2.084923879628505,2.193593563024713,2.295681053733098,2.3405033043068357,1.9316652927170566,2.4490611742226207,2.2656942900346984,2.394299143975257,1.9296514356624073,1.7460057457970137,1.839010478954627,2.2513550843890506,2.184733477010049,2.473623285158059,2.3107185630407407,2.0973675083910663,2.0533378195399408,1.7459727297567085,1.6346294196163953,1.8476006488235264,1.293480975804334,2.016822839176612,1.9147479520980717,2.261024126396041,2.522703815233953,2.3180258418749347,2.3626883625573605,2.365576108276894,2.0708355222638453,2.0091293390027545,1.9782725292808543,2.273680262008998,2.0675081993865945,1.9467521391503517,2.57179601846795,2.5082239541772715,2.226909126184971,2.163806100563093,2.0046332496683803,1.9670310254381924,1.9507444920827801,1.4297775952001146,2.075950819620523,2.134305663607332,2.2846999806755726,2.3706389070442313,2.204969216492845,2.550165404715333,2.286529224426541,2.228678559224587,2.0421926630507983,2.175329744906591,2.004870647189094,2.568035517158524,2.447441877889549,2.39811453417952,2.287417953887555,1.9666842863149405,2.0993372364044127,1.4795512216663766,1.5458410228629802,1.4332757006500678,1.9936999891290235,2.075111829256258,2.1685372815392583
CIT,8.182540800546057,8.110073880802354,8.234955021944195,7.427305189330557,7.52126681934568,7.711791749995605,7.007350336175204,6.7927750195192615,6.807725692381435,6.733386725048902,7.067075932564652,6.6568080969481365,5.713319788791281,5.455614908116825,5.5880785182141075,7.16259906364062,6.839325134696754,6.782461398821852,6.792369629847027,6.604816859381412,6.803038389640506,6.857883521159671,6.663385023446754,6.561368852897623,6.785790503819914,6.514491536662035,6.711451367839725,5.785027931647102,6.2872582212322285,6.153417744463134,6.069782778446751,6.119127537037212,6.017992699015469,6.0400585534680715,5.9438175596746525,6.14485920588135,6.419243598789322,6.75382277922299,6.670342883506837,6.337628865463667,6.821537908398675,6.709904955307472,6.734824925777719,6.622124687033931,6.942127017235784,5.609370724501311,5.276718870761567,5.23177995360351,4.946042183841175,5.11647207291729,5.097613160647651,5.391266813264135,5.466483287550581,5.074749738424497,5.516024898649885,5.495077738810618,5.5172151399033,5.220637597970963,5.413030391573745,5.180951955712647,5.523247147994276,5.43322821189706,5.204475279714277,5.24025369833679,4.893113901163133,4.978231116550518,6.696314399666232,6.704781137646503,6.792204615317022,5.593834705862758,5.7006884934651225,5.6449735517401045
VAL,2.895502892836298,3.0720122982607094,2.8906498253339663,2.5948714866790894,2.5516675345818136,2.820414954008143,1.864912628446195,2.235053983189985,1.8900170698157517,1.8705542525505479,2.1606766346716526,1.9259484160482963,1.8415606105665034,1.6619193951059756,1.8022178283743102,2.2157872202469377,2.2219662976921235,2.520242529823644,2.2333737224237993,2.1247937649382536,2.1418705146954444,2.2907566938017503,2.2298893237080044,2.2119811556681555,2.117402455813618,2.034053420122035,2.067180700162158,1.8304200024378847,2.076461070317272,2.2242664685348146,2.6006534458258663,2.80591038020307,2.890395772599092,2.710459147572813,2.6231651437628862,2.608992990430199,1.7683426545941394,1.9323747659423987,2.0583556077812055,1.7467820304516515,2.1764515546031014,2.2480390226372684,2.667506505489552,2.285047028035475,2.428618449888578,2.223770604933506,1.9902016981486206,2.6103528526485817,1.5303937719005063,1.9325692060808954,1.7822758244829657,2.260954664538403,2.311071648431014,2.0766481844132656,1.8817319822089793,2.015205496227349,1.9045063736255514,2.1926584050762052,2.0452324801679573,2.0512991863044014,2.4023982928936434,2.117569676212838,2.1476513176062824,2.058849427206308,2.0533063983214497,1.934540899057584,2.8008842099590225,2.5446951669074345,2.6875951849283055,1.933481471417437,2.5437142058064595,2.299091897595595
THR,3.1942445383193387,2.756371551729611,3.7814997330771796,2.842254008633507,2.910825397000039,2.9622767567806214,3.413347293323465,3.3534001494883654,3.3891284234121137,3.474315239106925,3.6312641650656587,3.1890025757682707,3.5539459961220636,3.4841688284770065,3.443387119685518,3.4437576195531925,3.2727876348989327,3.358834651642919,3.5675465184531987,3.3550439951474544,3.576563178477155,3.6191846122151254,3.325375393986903,3.3615514919159253,3.479295406991284,3.330215967101008,3.3227280759288114,3.0997957711683544,3.2949731681770693,3.138298481917431,3.6939918151896407,3.802919328834946,3.8052293263933414,3.689688486845789,3.6452908248601297,3.602098061651308,3.275347946781924,3.309866812028414,3.3069395999376816,3.28804654304734,3.1911584802194,3.5568070867643726,3.726126846313658,3.520664550411343,3.592515316060638,2.980286495040616,2.940252409415617,2.9651630341001116,2.619651127809803,3.0428055712280475,2.8870364749895536,3.1524856302909825,3.221316389855275,3.022418302156627,3.2517376407903917,3.114655071946526,3.021754194621522,3.043173382722294,3.032021006830547,2.9276438780563723,3.354718881326331,3.2472369871402975,3.2759494687532005,3.138312800409313,3.0277175738841287,3.088104611479661,3.670380221016,3.6264675449299943,3.6454831885417036,2.966617540894603,3.14781079395593,3.008314679894884
3PG,-1.1057681535875439,-2.4559020414020925,-5.541976019314811,-7.443208207917067,-2.671528765532358,-3.4074518960725104,-1.9379939887730409,-3.625127946194011,-2.96182902905122,-3.2243945457904157,-3.2152104269801143,-4.18393983768528,-6.158064794703119,-3.9004879470873064,-1.4160147779505898,-7.555303876520416,-1.153538212693256,-1.1787424244375426,-0.610037024448248,-2.7743176488767602,-1.6331050707091705,-2.3426776340753612,-3.2711718339979896,-2.2855007986632643,-3.005203344157094,-4.121855601438966,-2.153173389898811,-7.555303876520416,-4.422914202739237,-5.5734078461716425,-7.413463159512851,-2.030410307054167,-7.555303876520416,-4.805950210787126,-7.002642957977082,-4.58841306289386,-0.6773282071759237,-0.6496384891153646,-4.294924589397999,-3.936816653591615,-2.9178308543324984,-1.8532065472756312,-2.119131650311724,-1.0437824936980444,-1.7435845292284569,-4.706039613861174,-3.9484411160945907,-7.052852268648724,-1.5816088514583946,-3.650673992720929,-2.081813454450945,-3.5685836266983753,-4.2801551137351925,-5.2471023990503,-1.8391048625877442,-1.2516442769784213,-3.1325066706459275,-1.764843136564279,-4.357786499605272,-5.954039730607269,-1.4934312839767578,-1.0442948328210164,-1.7570848514742234,-4.384559223620773,-6.435570218967644,-4.707665975169547,-1.4917301409862276,-1.9963839390716185,-2.4618336058715524,-3.9850905515758512,-4.124775980688927,-3.3926023878755416
ADN,0.0,1.6993825836944119,3.8766417736488314,4.861028399059588,2.371502946552276,2.9708333062640193,3.0648732939154577,3.761356330388871,3.0539356173765952,3.274715790266775,3.12396530148731,2.769465178400626,5.223825513909571,4.645728114220493,3.7724252597585632,4.59294294493229,2.9759438842840673,2.4750952874300687,0.32138038512625045,2.9309245738732486,1.6273349917483415,2.664744438406128,3.8385939742844144,2.8937074045269284,3.6419746388020506,3.522651613028355,2.3302440596009184,5.331683241180746,4.057461058420063,5.046366752610336,4.803089565416656,3.259452891311426,5.00271469470438,5.081207890622611,5.151366007331244,4.98637890170701,2.670239629353169,1.6390413934916026,4.1659079337267535,3.14548155894348,2.7402531051453707,4.450532525619337,2.2593247151146443,3.152671629462052,1.5451618949406978,4.918043951224181,3.574457865959438,4.848219519760136,1.6524695429117386,3.0566208307956053,1.2585056680272473,3.414224866961721,4.198493691480195,4.931079510645873,1.7000777425221258,3.1764307910264726,3.7110689353395685,3.687231121503796,3.9763757408691305,3.846541264321658,3.2360756388805143,1.3519725430137584,2.618262101845197,4.488090017647359,4.535189914562874,3.9186022177878392,2.9599718737452108,3.3570369878422,2.8216513201631876,3.74630316643389,3.7383129245219457,4.019358760509075
C160,4.209796649011924,4.3158721170923755,4.362759233060505,3.6742934465781865,3.759194711085481,3.9073628218119936,4.3121101537167625,3.8245917547671624,3.890537194865832,4.087905958285557,4.08386379864789,3.558089071882847,3.5161735857822833,3.306055385604264,3.2262831235219913,4.235399235444596,3.949146855818526,4.198479725932867,4.448127513348556,3.937370479710985,4.013711627637786,3.9849349109109795,3.8703029235101454,4.188266795099921,4.017500263398457,4.060816190079429,3.7816223485648557,4.7183225032660605,4.3333631293776875,4.405548412007711,4.527044693952309,4.2859876019804695,3.7471855448091134,4.2788575791531755,4.026837408405822,4.279840364791049,4.071061765920273,3.8922839897468755,3.868376962237871,3.6010646825390005,3.9807773483505464,3.728695241163333,4.244667969518176,3.810544598374424,4.046256928155302,4.044593225624368,3.5761931162383362,3.6442657833101855,3.761999383448675,3.760816699749146,3.380453407423232,3.954860757227472,3.9183413813098227,3.9147498195696926,3.7762116981614717,3.3996241061979156,3.492304311287814,3.3149616207839365,3.7065167113818056,3.594177054702058,3.7155003862587463,4.000485337906898,3.496023866613797,3.352636159013958,3.7907739101921507,3.1620707432134125,3.5799925965782293,3.7887359480712313,3.6704317118803864,4.166902315468722,4.05221933661953,3.8388298914509704
GLCNT,-2.608107715671874,-1.8239144487707968,-1.486617241137136,-1.2634872155095351,-1.6426921607277443,-1.1257544797888173,-1.4851299507969813,-1.5912227556453082,-1.4246260878784671,-1.454191206503543,-1.0640653208304567,-1.7507285947968168,-1.6011801149473879,-1.878013423857272,-2.5379377043005675,-1.7475609406414279,-2.1332158072182654,-2.4461661925931573,-2.7900339351620627,-1.3856200674928,-1.869896673343229,-1.5629812548881272,-1.2695127233360228,-1.6125182930958903,-1.141257263277332,-1.7200891292993923,-2.2513067130411777,-0.8422959865343902,-0.8039894661536771,-0.5965499258717024,-0.9558924458927436,-1.7238310802884413,-0.9931243505043952,-0.7504130881138273,-1.145135097924447,-1.0265409419025193,-2.391322502848457,-1.9889906360868856,-1.5832421707090116,-1.6129968229083183,-1.495733552134384,-0.9577173185617021,-1.5530656688737245,-1.9742490614817338,-2.1548835350166122,-1.5597737811661236,-1.7645817777373818,-1.2021179717927453,-2.714906079004697,-2.003456818355726,-2.369238025332569,-1.4910287564874896,-1.3739389526566228,-1.285685049643451,-1.8390487917842009,-2.054522423984162,-2.2048508882071474,-1.990803842626665,-1.7854800576703287,-1.5667026974989025,-1.6916868772170943,-2.3589697766140265,-2.3057813725799328,-1.5884733860219775,-2.046569154279039,-1.527973391809427,-1.401423842907331,-1.4465614534284477,-1.275839219067322,-1.7649234249173347,-1.317162017177166,-1.6876527123873934
AKA,-6.652801484283241,-6.652801484283241,-6.384065211050011,-5.381062201798766,-5.77350573340429,-5.350232848262111,-5.785784055782708,-5.894714481914422,-5.560591034289883,-6.652801484283241,-5.94244483397312,-5.727630481758208,-5.544956695110429,-6.652801484283241,-6.652801484283241,-4.5052885980037445,-6.636971745860691,-3.37037051983474,-6.652801484283241,-6.652801484283241,-5.448691405396783,-6.652801484283241,-6.652801484283241,-6.2192468462593276,-5.685234646516745,-6.652801484283241,-6.652801484283241,-6.652801484283241,-6.652801484283241,-6.652801484283241,-3.60171013294533,-4.715808368415599,-4.1637573374812185,-4.426317422202477,-4.660045176862516,-4.463173234348385,-6.652801484283241,-6.652801484283241,-6.652801484283241,-5.763131529825522,-5.902267644998501,-6.652801484283241,-6.152400801303788,-6.652801484283241,-6.652801484283241,-2.8202846605483867,-3.227017533083087,-2.843800481556709,-3.179231991162954,-2.120002593921706,-2.6587725794489074,-2.66184079689957,-2.4740781307245,-2.29595434984574,-3.090371857866929,-2.865807874036074,-2.7030933179496106,-3.1918068095067422,-2.662579114803874,-2.901537607364311,-2.7835459667744384,-2.7666356390051927,-2.963653552391561,-2.8388437957440953,-2.917560123929034,-2.715114822593362,-4.173985007209522,-4.386567699684688,-3.7148182654467696,-3.1961258202582385,-2.712378770882049,-3.171644432659832
XOL,-0.2444385431820315,-0.3121813722122617,-0.3175378827979145,-0.3576712317975712,-0.16099344601012078,0.03122893292978901,-0.754818413302079,-0.7049556861053681,-0.8904404102569217,-0.6431841703931305,-0.6766276934434199,-0.9689142735548657,-0.05106734807218416,-0.37299575164222176,-0.2503769557367903,-1.0531509294427934,-0.8233431779028351,-1.100864443080356,-1.4455486860022866,-1.4611606236039094,-1.187006691382006,-0.8914161790070558,-1.4091807388725908,-1.026995668718655,-0.686032907641561,-0.7745768204217391,-0.8327009206008853,-0.44304772147530613,-0.6225451181659025,-0.8370285024857331,-1.4820916262681614,-1.2893645881865599,-0.9234495657397837,-1.2686225523439507,-1.464248988918353,-1.1319725804700767,-1.689977723834728,-1.0669949037945514,-1.400348397055998,-1.1526001366209258,-0.9043965525928144,-1.0956856740388723,-0.8105145099793205,-1.2443689075302,-1.2450521107879347,-0.9402389745748643,-1.4290153656733633,-0.8589291561510777,-0.973419870462255,-0.46580634924201547,-0.6502327103106005,-0.6864887700903601,-0.6423058740896117,-0.6174738200939167,0.004026201176685618,-0.044209079849899524,-0.1641580985993123,-0.32620686121046916,-0.41477483431710027,-0.4560685909509701,0.017577344654366556,-0.13431129368229477,-0.08338236548344824,-0.21580913477612995,-0.4667725219147094,-0.32073816244424336,0.05676072651307251,-0.013151773305967396,0.03288722890327733,-0.6362137050111301,-0.6012028769574247,-0.9700962452281363
MNT,9.933514960751548,9.588846125610935,9.40257844023726,8.608206011552774,8.73688720571143,8.999920829349385,9.280696976724744,8.775169074181349,8.90719411162317,8.911666867858752,9.275208441508983,8.536811906770982,8.511300552500387,8.115188000930967,8.227533039911986,9.010007335362424,8.886827494953213,9.132272866451597,9.333901030211855,9.031711824297105,8.90113214339431,9.13082069612106,8.95331846579866,9.17374831845926,8.816732497326818,9.131935677065094,8.765678515035532,9.415098508181243,8.999248289567301,8.808779182473383,9.083215946071093,8.77857813080244,8.721900389639302,8.93249216962975,8.591717335821244,8.607825811440982,9.29798442461534,9.37121645265444,8.947654679870968,8.421993216680871,8.883466388612664,8.755960437770298,9.410650661363412,8.84624283444833,9.129805518088453,8.624967872761303,8.26316118311225,8.473918164958391,7.94803872540243,8.407966581060073,7.864864485637277,8.540134358485918,8.67131025562545,8.3626346041046,8.267758915336362,8.083589040951438,7.885126311965603,8.180682267384366,8.642933319792736,8.215267984095728,8.712008992439955,8.480955959909927,8.174624561523675,7.45986252132948,8.226259425769761,8.040223103148815,8.324905734147055,8.558491975327073,8.755084749663471,8.150914842663994,8.778249566243808,8.555076841466121
ACO,-1.6818482042057035,-1.6392490606196102,-1.2322278971342016,-1.4811620968031782,-1.5244795361897197,-1.2047453120865939,-2.4226273819888213,-2.4190929624229565,-2.5280823436925743,-2.3530243712853682,-2.018470954399749,-2.8151922854909674,-2.9384169626328323,-3.4431607172460197,-4.019459912815819,-1.8079851314619813,-2.6995410022118556,-2.272370628967371,-2.759965055269989,-2.5195003891816654,-2.7437682043144935,-2.4764536740865193,-2.620905206348585,-2.8999946654569513,-2.4458277167987443,-2.9661863946004097,-2.849418991718874,-2.8117540849749734,-2.8626408556107226,-3.1048812567705752,-2.6732025132675776,-2.7259027375268357,-3.548720516850496,-3.2203926946227934,-3.0469467185100303,-3.0269168701285807,-3.0335577352943695,-2.7936843748098497,-2.3573305463338894,-2.558134189401743,-2.245050940794746,-2.641078485724517,-2.5333457418337595,-2.7193081161542754,-2.4008290538007575,-3.380705079416531,-3.7092296161454996,-3.8785779508243685,-4.189431132626266,-4.105603209402698,-4.036138756559385,-3.3069781398282974,-3.364533754007553,-3.6572457025617524,-3.4024185617672202,-3.735181988745042,-3.616917366450231,-4.028336606290853,-3.6374785999891195,-3.6146601141589922,-3.649408872756167,-3.709217547655056,-4.162510036677716,-3.515342233027315,-3.897004496772494,-3.585867277628223,-2.655840708859863,-2.8813996466780303,-2.8567227350225046,-3.301872521022908,-3.4170777320995036,-3.392111248823525
3hpp_c,0.8225637793994949,0.5184679434171393,0.4030037820817469,7.20643536073646,6.567709911039451,6.913468394859279,7.69224950478808,7.777827528895603,7.824884201046562,7.767231445072415,7.961507304791667,7.635760293659786,7.629821375664246,7.258138148323379,7.0988455268958965,7.708023220464362,7.130730145782476,7.257342082655871,7.436916672265276,7.865968872641641,7.6420190342573235,7.802382009546033,7.812364089239175,7.8051567944040166,7.674574228347481,7.735713168067537,7.41589308703152,8.249463030890452,8.160113309094015,8.338218076822226,8.086599374965616,7.21166089869838,7.73969305777015,7.612939484881334,7.5928959302130785,7.560778316757943,7.145009417685024,7.4247014186532425,7.950221069445686,7.447872907918494,7.611703700432248,7.801504752884686,7.947542575846491,7.652837477833728,7.748497187586757,7.655988911633585,7.331585736962722,7.671933507688298,6.982917132896365,7.670246339857094,7.0824503611400935,7.596506588626273,7.680349922825265,8.047039361131343,6.927889355791155,6.889636960215686,6.8651368642445725,6.858761193625437,7.139414280206122,7.121269987120328,7.177478355843416,6.9022289544536335,7.026699815283436,6.914790945689827,7.219951043082432,7.309853678240479,6.308944110716286,6.509829602846967,6.364765468350171,7.611490008155272,7.815460629975213,7.677118367350598
ERGOST,5.737355483164762,5.4475355603888005,5.467720287482184,4.432819265516354,4.4967019390850105,4.066914405983795,5.154589830529023,4.70572013104632,4.770994701482646,4.947810693843827,4.999499934037001,4.645627038008264,4.179204890251484,3.9079965437575517,4.155061720971013,5.170830719202041,4.9830543462221755,5.365219047331717,5.531905884554565,4.972578736542658,5.077988619084092,4.658579890598684,4.831942684063865,5.397522837842796,4.999118630599703,4.742256164273307,4.676920467475483,4.412603486677261,4.958980418232219,4.929236085259088,5.270094112598432,5.190799868067852,4.750919176075989,5.259089455117898,4.916897772875885,5.071813994526,4.928144606192216,5.322156695908454,4.1494782259505065,4.518760390759084,5.138616925302756,4.336686512886914,5.037708367888349,4.714515145526381,5.152418256850861,5.11850031988423,4.2722158025985735,4.61834726775345,4.572243809112358,3.8670908381057707,4.185540910506656,4.8133884055413105,4.955597892783651,4.579240511614259,4.369137719154974,4.077998833759274,4.00261944717122,4.248278327177534,4.119523455103963,4.384474991158488,4.2337308589488245,4.478256635285629,4.409520110479509,4.398536338495582,4.528066800426924,3.5227782420069147,4.05806666286033,4.615501362980051,4.356083132808013,4.700593625891628,4.6673704339962185,4.88384836634653
LLCT,0.39472860527974873,0.17731946443109337,0.03948667637703096,1.6649967571029265,1.8116078919871015,2.0082768553698855,3.993400820091889,3.9249876518965188,4.0828249512154,4.065494331443187,4.385749075276685,3.8201087585328395,3.107160172070916,2.958587740026264,3.007819108734651,4.468169602437698,4.028461691912032,4.086782385434681,4.366139471411866,4.161781582044291,4.645424844135643,4.511318591891808,4.248758397427714,3.8936173127683382,3.76588083706773,3.318985144719097,3.6549447463330225,3.73099435355938,4.160730195254484,4.230796882877268,3.7767281855593673,3.956854829473251,3.8816364737519073,3.8733234895954887,3.7050436895894308,3.7646684810198536,4.139025939738701,4.28528612863904,4.646098950262189,3.9298113604513247,4.0401411296138185,4.590558180744541,4.106935918882119,4.213480426398078,4.200525564729173,4.0953027117508185,3.8300731992281456,3.858183799957665,3.3005635583946784,3.6251427214085616,3.713445865100333,3.766322547500579,3.8355684354442303,3.691294796174674,3.817375007682152,3.7360174117447364,3.6360219746396325,3.6917122457925373,3.6030832913734727,3.5164938093295994,3.890484219355507,3.82736039065135,3.6536565025356076,3.768454224783145,3.228299696768687,3.4768876094238976,2.7046136882929908,2.697729992715484,2.370732578222711,4.0191838186531506,4.069127691615865,4.005698649138175
F6P,-1.5452726663361602,-2.8529925853187397,-5.705616686276432,-4.3528548411740005,-1.912055493920528,-2.7962661188290934,-2.514340609323881,-3.4712912709373818,-2.535474815817812,-2.7132538989924164,-2.4136373733638337,-3.184454289325334,-4.954910577853614,-4.539691523531509,-3.4551792297735293,-3.653340541557059,-2.053493882859378,-2.228284228736028,-1.911139970201173,-3.0427675318289253,-1.9982338987930817,-1.9036849487130993,-2.6086795041287534,-2.273610251840241,-3.037637604519624,-3.63947408991897,-2.3078121349947374,-7.738671997008581,-2.0235021815129333,-2.432999965457425,-5.671801513730884,-2.9094204233466705,-6.382982539857128,-7.2910496140735095,-7.738671997008581,-7.738671997008581,-1.285433606971072,-1.4548886281230953,-2.927309194885618,-3.6366337346213626,-2.6535791391965855,-3.470677867015537,-2.4609082378834497,-1.7192300515166963,-1.8906758404481447,-6.940999472123318,-3.3978888759841954,-4.521666266824374,-3.459152463914636,-3.9748047644130793,-2.8982983318818345,-3.3482449949223057,-3.184048585664124,-5.42887630375043,-3.2693860156831978,-3.0477846745018624,-3.964416824788298,-3.9328056583402304,-4.526161170332637,-4.497769523093231,-3.7247724075119706,-3.2679960964146346,-3.6539074643119545,-4.739497542294842,-7.489142853899221,-4.076364369784931,-2.8015913976496964,-3.3895502257027132,-3.30086392210775,-4.515599070815732,-4.670263120892162,-3.9184254309873534
S7P,-4.983231190305668,-4.983231190305668,-4.983231190305668,-4.983231190305668,-0.2261859103045083,-1.8097299381046223,-0.5136738506299547,-2.2404967596413456,-1.0552023873122724,-1.3357296655282145,-0.8271200289792677,-1.5680050723349641,-2.5208949732172012,-0.6798444992198114,0.7093524113062699,-2.683400737129851,0.43861643141802986,0.9929301016055518,0.6499928256577832,-1.3503211585990424,1.2207590371523445,1.365913129757537,0.0,0.9745061709198133,-1.2006629591568583,-1.3158889200925579,1.058043140144143,-4.983231190305668,-0.723107327332162,-2.7588919405429824,-3.4199487921201435,0.7669949711507407,-1.9770929547476168,-1.0573988055895924,-2.092998932925658,-3.708735960534449,1.8331619174949587,1.6971286033676947,-0.993722092322944,-1.0416500324821705,0.4412539679646912,0.7818795438045498,-0.3213735033799878,1.2416597915675815,0.9667598825001775,-1.156865369603013,0.5264712341109821,-0.34219792966046825,1.672291212751908,0.74927220286623,1.7396288099747679,0.6115146772711562,0.5177438751200043,-1.659985867535518,1.2204742065052763,1.5827867361060335,0.4261969283683307,1.4633492021722567,0.035805145090073154,-0.6129183099276538,2.031870070364043,2.068844026051135,1.5971704707474181,-0.5915972693057192,-1.0184227436981903,0.03957440873945117,1.0067928067305516,0.5047657077558014,0.014603437376880635,0.21972598211028327,0.06971921189804675,0.7188654293926362
C140,-0.8830739238771343,-1.314223895525462,-1.1262587002085098,-1.782697764560302,-0.9463087153451468,0.8290333502235185,-0.42732777989807147,-0.5749736070720459,0.07432699218229644,-0.8764944282543254,-0.6915415546408195,-1.1355577509987747,-0.9768488553937225,-0.504030083836394,-0.7180657633694842,-0.8989770993061654,-0.42342903255434194,0.0,-0.6658280503041194,0.20081936116656962,-0.4313515314728207,-0.6726712790008627,-0.8271637852388523,-0.2817012198105111,-1.2276041786189502,-1.1128435951493252,0.8445479768447299,-1.1223757314580372,-0.6555611160971218,-1.7463288685575655,-1.0025874029176105,-0.6931472700259782,-2.0895142425033573,-0.6180136728176642,-1.5530491083587208,-1.090810071146512,-1.071234433878951,-0.41492618663854586,-1.2453897423817573,-1.2926975450121923,-0.6403981205169167,-1.4285068731844,-1.3795872190398963,-0.5882591720823527,-0.41313364133650765,1.168784089022921,-1.0701681384685102,-1.8134420738116432,-0.33744311850596276,-1.409995367317146,-0.6662348635855508,-0.6325105522045433,-0.8705957365932537,-1.9392276737396887,-0.8519943803576062,-1.1030863776624713,-0.38070580135239496,-0.8505044027768989,-1.1066562676340865,-0.7391741331993273,-0.7984320627340509,-0.20939986826341794,-0.37181929198648334,-0.4764436293977461,-1.3725704822114064,-2.0936961256648132,-1.1692917924397612,-1.0475159554300753,-1.5842725291125657,-1.1904892872525181,-0.8880309006151101,-0.34742114556597414
DCTOL,1.219819754465835,1.1333204347205736,1.0114114778175853,1.3262318175249739,1.4114474954374785,1.0446473935334453,2.2828520900463225,1.879747000353312,1.8180678571736983,2.0321590892486405,2.0775334245886263,1.8084704053935603,1.8508136413306993,1.694175655301617,1.87208693313384,1.831113225529986,1.6683510997125452,2.0321148111697127,2.4539023959254465,1.9546293000580874,2.0278591959789836,1.5290279773869386,1.6778282809390213,2.45399208226036,2.09815596465916,1.7988686922604664,1.7073289828360352,1.1624710069858235,1.991444349851907,1.924763930712455,1.9383677348851265,1.8978435895431787,1.527789986401551,1.8487399912793947,1.5970600407566877,1.766002705217268,1.8183899906818866,2.2108793305019603,0.902333397911466,1.7517755542665796,2.2913173908446964,1.3453430653288763,2.217661551857965,1.7562730963081634,2.264667093616243,2.1149388221756382,1.3852873779348975,1.6713966973113301,2.047680463930817,1.4023969692409892,1.694466333506238,1.925596626723177,1.9985463310971987,1.6859761101029136,1.653453671991464,1.2810064730080697,1.1643332999503606,1.4340564009069432,1.249615358113303,1.5201770945948567,1.5493704896106166,1.6454104061593426,1.7543807978025399,1.4910659302739724,1.7008578299400021,0.6114284943097914,1.524287001785762,2.059684095043295,1.8358233902922194,2.0480701088829996,1.9947295026522376,2.1834079218768743
C18PSPH,1.8367724130876013,1.7900023735159465,1.856987244355274,1.0124371807431025,1.1737388833412048,0.7867715781415434,0.2855688848069846,-0.9022130233874286,-0.5348337491192332,0.2959656243610418,0.41958106992542454,0.1735512091513698,-0.26975189812836575,-0.9541622508612733,-0.8852035981441162,1.3185649543017632,1.011168784886749,1.3142621410436028,0.6501584398510047,0.558653002217028,0.7220926347848149,0.2996811688223424,0.7407719500470513,0.8902452218418411,1.1202991301658791,0.43389531086887345,0.66294701685921,-1.7922622764643439,-0.692322608669464,-0.8977325961398854,1.521252461955342,1.2265064748812406,0.9552611987532558,1.258537094071162,1.336504695217208,1.3685374147583609,0.5347589612626926,0.43871534651447064,0.565326132706776,0.15512795307873617,0.5875130189333859,-0.1417304592344415,0.7572697014837644,0.9740244436008894,-1.3099533414657323,1.826443426007355,1.009033285498223,1.4682251237778736,1.4411441533341325,1.2170334298765937,1.15407711497312,1.4666949560628524,1.435851838904636,1.248057851274222,1.2770188476626068,1.2634942411220003,1.350577993291303,1.8478812519400023,1.5667426827072077,1.7361790962717158,1.7075314639218355,1.9094698220204087,1.6976693170863797,2.0456575142468267,1.8259909625509927,1.1535757379089269,1.5011634621304246,1.8423694976537917,1.6842783026395338,1.318032329550924,1.0924588264498603,1.1658543423437493
