Transcript,SF ABF180_1_R1,SF ABF180_1_R2,SF ABF180_1_R3,SF ABF180_2_R1,SF ABF180_2_R2,SF ABF180_2_R3,SF ABF180_3_R1,SF ABF180_3_R2,SF ABF180_3_R3,SF ABF180_4_R1,SF ABF180_4_R2,SF ABF180_4_R3,SF ABF180_5_R1,SF ABF180_5_R2,SF ABF180_5_R3,SF ABF180_6_R1,SF ABF180_6_R2,SF ABF180_6_R3,SF ABF180_7_R1,SF ABF180_7_R2,SF ABF180_7_R3,SF ABF180_8_R1,SF ABF180_8_R2,SF ABF180_8_R3,SF ABF180_9_R1,SF ABF180_9_R2,SF ABF180_9_R3,SF ABF180_10_R1,SF ABF180_10_R2,SF ABF180_10_R3,SF ABF180_11_R1,SF ABF180_11_R2,SF ABF180_11_R3,SF ABF180_12_R1,SF ABF180_12_R2,SF ABF180_12_R3,SF ABF180_13_R1,SF ABF180_13_R2,SF ABF180_13_R3,SF ABF180_14_R1,SF ABF180_14_R2,SF ABF180_14_R3,SF ABF180_15_R1,SF ABF180_15_R2,SF ABF180_15_R3,SF ABF180_16_R1,SF ABF180_16_R2,SF ABF180_16_R3,SF ABF180_17_R1,SF ABF180_17_R2,SF ABF180_17_R3,SF ABF180_18_R1,SF ABF180_18_R2,SF ABF180_18_R3,SF ABF180_19_R1,SF ABF180_19_R2,SF ABF180_19_R3,SF ABF180_20_R1,SF ABF180_20_R2,SF ABF180_20_R3,SF ABF180_21_R1,SF ABF180_21_R2,SF ABF180_21_R3,SF ABF180_22_R1,SF ABF180_22_R2,SF ABF180_22_R3,SF ABF180_23_R1,SF ABF180_23_R2,SF ABF180_23_R3,SF ABF180_24_R1,SF ABF180_24_R2,SF ABF180_24_R3
1145607,0.49556911364698736,0.4950732551363041,0.46909640584093093,0.7122283181406874,0.6354660946465334,0.6887192111629243,1.2987997039836041,1.3527289041997712,1.2681424728566353,1.2994169758601026,1.434984498932658,1.370299571015742,1.021359092774653,0.9702017699629011,1.0783943394897464,1.2689903750149767,1.2196924834735565,1.2799657543691187,1.4237276252374071,1.3982192298351739,1.4535266722087365,1.3968858926008632,1.4020754019953505,1.4305627389559017,1.2250425296299599,1.1216213142745968,1.2024791459482134,1.3715530797595035,1.400162006846751,1.3795382722811842,1.3003692313081294,1.3549573965476287,1.405286715542913,1.3544484956174898,1.4654260978697349,1.425857662836256,1.3311972428504533,1.4307347839217759,1.407403082054325,1.2586633973133603,1.3274332469889525,1.3802442154780887,1.318127530310799,1.3356045375264998,1.3724933303330658,1.0330899430486704,1.1660446265102948,1.0915118602031189,0.9800850848545554,1.0,1.08812682650795,1.0763034337926534,1.1312947422941815,1.1273551346212665,0.9260853023453899,0.9594404461935734,0.958363535735037,1.1866967375960675,1.063013430482203,1.0866717033722924,1.1690895733812523,1.0781549202275165,1.0515271910063984,1.044184499827053,1.0894398919637485,1.1453973937468982,0.8190666495402309,0.9087198861074873,0.8853682426613975,1.322358840331806,1.2201886090124119,1.2702695272512226
1136340,1.7130992045587525,1.9516786922034168,1.8994873768194933,1.3615726760050932,1.2505776304794387,1.4713678596070483,0.8909904961798369,1.0415442547140852,0.9655070626361226,0.963642128303521,0.9930850708556768,1.0186043647555314,1.088763942339065,1.0140852132957032,1.0953270403082533,0.8882954381864481,0.9412083292406986,0.9676665131202369,0.8959933193214483,0.9284667414922969,0.9205024920884394,0.8517192899951748,0.8872273950854919,1.0322724689958882,0.9641399835122387,0.8182442857227761,0.9801741087296127,0.8173762560294882,0.8843420922078388,0.939519578786438,0.8970302391647488,1.033705177533019,1.158815123054503,1.0592995342982663,1.0384605650047223,0.9969472822809151,0.873226763967172,0.9683478413148217,0.774614078442388,0.8931978369952821,0.9032578001386504,0.8341393605574976,0.9061229354235214,0.9181991608717618,1.0089698534874934,1.0448290695685445,0.9995072642823959,0.9635285786052131,0.8710329895438073,1.0,0.9493168146878936,1.04759794948329,0.9929200668509256,1.0457251955326872,1.0029329968009661,0.9104331638062702,0.9061585929818479,0.8937575964899198,0.8739746547284821,0.9672379417001659,0.8977914314645058,0.9572682298897844,0.9208974566411636,0.8710608834255227,0.8627520870860326,0.8906218891304584,1.2392377721274468,1.3076916823348583,1.3833220660663021,1.077359176950023,1.0062631997023304,1.01060136499916
1099332,1.387405742395084,1.6283610656555076,1.4917709491452866,1.5796704744918213,1.4580285076248238,1.5929115213563572,1.3226207033235637,1.3313791691823214,1.3087419085349548,1.223289567869061,1.2488753477676109,1.3198355568606106,1.4630783117191368,1.5547634299795379,1.5485836330731544,2.582679624500991,2.5307966912289954,2.7344779461981896,1.4531080423958245,1.2588564994874838,1.2909684379837194,1.2568130199216774,1.2575740039139969,1.321359693056372,1.3966660340389927,0.9914610427109324,1.1053015075442076,1.2714939336978843,1.332890539718781,1.2936148813087955,1.1241013627397054,1.7505896858098597,1.7996108690648702,1.45545948370495,1.5163423411538552,1.5332597132880406,1.121330816468563,1.3103728260652874,1.0256065585875076,1.0,1.0,1.0,1.1019742703208248,1.3536047912608276,1.2560926065498579,0.9164145611582567,1.20435889760257,1.3365749519546775,1.4329701996043005,1.0,1.0884413013420575,1.4906611224610762,1.3437125122341664,1.3426299460057178,1.3099847480690616,1.3400268329059726,0.9897664607676558,1.2300324095172617,1.4454577035993816,1.236926285419644,1.3156663321439244,1.4037940199199663,1.3523676727607339,1.3935468542721596,1.3057551280105364,1.2601494459954143,1.137149964194972,1.1903352755905385,1.217135346490183,1.274612006623466,1.468404510747531,1.4785843071458165
1128684,3.0225905577512333,3.0673656197283474,3.1869216214400877,1.8038028525002494,1.5836612024980563,1.6915833797439028,1.1138800159455267,1.3088244140215999,1.155799836890496,1.1946783312730436,1.1496474109765165,1.259946511053476,1.1139386546372991,1.0278275186274075,1.065092143154818,1.0735077912248552,0.9422619709019177,1.0512755594820449,1.1590666258108815,1.0715507019786914,1.0976184529931114,1.0407982213992049,1.2265809179928313,1.1846207317006257,1.2089701486183937,0.9623360082104156,1.0429827691852063,1.0826269077443613,1.2042851995810235,1.210331363686766,0.7499519918931067,0.9140475993303893,0.9946166711523855,0.8997995624487908,0.7761537403585702,0.8318218701084554,1.0708652765281057,1.102795713392581,1.050743338430595,1.045903640506061,1.1085982989306085,1.0705637691904422,1.0457232472652251,1.0694184872947585,0.9869681099735385,1.0979860185252608,1.084708026479703,1.1819598666593203,1.1021185907862796,1.0,1.1591028098802145,1.0217533774941665,0.9293116288034701,0.9619159057519958,1.1213729387309361,1.0377299934289153,1.0852567684754357,0.9607418130794104,1.0181590151117261,0.9814912086634238,0.9905931206654172,0.9749653402922295,1.0522669759705223,1.0384713299554587,0.9478206525450491,0.9930602393792917,1.1715829605352832,1.1273467615679345,1.1631790526281132,0.9358377406938616,0.9927043213110985,0.9910883528032746
PAND_Tribolium_castaneum,0.001021950450250946,0.0005069628446455016,0.0007733229985498242,0.6424758680333771,0.5616882593450863,0.6873491614263704,0.8453169316015922,0.9823846037791931,0.8008492298664173,0.8513216297693005,0.8141466773784474,0.893260871984624,0.9193540720558896,0.9315765773299185,1.0005860465679484,0.7205007917720946,0.6498988029458618,0.718851619584727,0.9166591241596846,0.7897748739614368,0.8368061107430642,0.7591852605410333,0.7851904412331456,0.8001547291406433,0.7952961841060002,0.7119988371748209,0.7252118293005827,0.8099134621208272,0.845659284523231,0.8568179292355187,0.7551988500714115,0.8610801577827372,0.8954372778226427,0.8045606391700763,0.8052889938937154,0.7425330315154373,0.7666931911430224,0.8138540404321616,0.6642863503145736,0.8689561377297296,0.8581563097182878,0.837206085983105,0.7819517929195483,0.8628131435959844,0.7567131886015626,1.0010087854536547,1.0901530111883189,0.9778072211537051,0.9732378967088354,1.0,1.2259474011986367,0.9859864461374863,0.9976247633112469,0.9527772995974197,0.9133766044309435,0.919280975010603,0.9547745954480041,0.8714405585654343,0.8104991632267936,0.8408817942434845,0.9820697022780303,0.9086001001158854,1.005320600394757,0.8235215509914395,0.7668845711815379,0.9116527261763551,0.5886149445984842,0.6728135315325167,0.5638815402250643,1.0958908905056548,1.0296977782257892,1.0567527448329643
BAPAT_Bacillus_cereus,0.0008804171474827016,0.000359155792010939,0.00037690818614041516,0.8969840731907897,0.7693698394826173,0.948642063271858,0.886455758285597,0.9598971164171776,0.9004350303752162,0.78458578942362,0.7622139043468451,0.8629830370402689,1.0694799866605174,1.0463084753241976,0.9555934779711552,0.7446682212184427,0.766160007965429,0.7832635832540099,0.9323079272663537,0.8621327392846395,0.8778760388519113,0.8443731094992739,0.8869643071544645,0.8818499405091368,0.8380750343269675,0.7851521756096163,0.823191777689956,0.9703325517345521,0.956050775056279,1.034797226264787,0.930555041030359,1.0553378759976246,1.0757912032167927,0.9810968026586064,0.9668367328488534,0.9607370728042739,0.8535260682688821,0.8869434797347873,0.8804892439686032,0.9348574681394218,0.8622087594454219,0.8301512346463735,0.8385423856081984,0.8993305501957459,0.802776887760911,0.8887103973160997,1.1833710235207555,1.1538975325285001,1.0457595346154323,1.0,1.2874215048383173,1.4234392054766944,1.2742245767530724,1.2592230564701719,1.281790459492457,1.1544300191074424,1.3045604971540878,1.2382495550749821,1.3017657596722805,1.3519386898521994,1.3732084079807327,1.369439181235876,1.4324393835340563,1.3104018407176707,1.393169717985634,1.386110622693383,0.9069798155323854,0.871668302672727,0.865590452328641,1.1282012648331263,0.9685027251958161,0.9545410534538482
1106171,0.24831013916763842,0.27831435162777757,0.2769926524644332,0.8926156074268495,0.881418682665974,0.8729772379511742,0.8905301997494718,1.048974178485873,0.8752381445838292,0.9339186832293753,0.9860268956581101,1.0060328377943764,0.9065080299682762,0.8439368632590132,0.8713094135451683,0.8168291888551444,0.816149448638118,0.8695873970605238,1.0302241751571288,0.9550496754750489,1.0038010913466877,0.932902501214608,1.0277502458404812,1.0359794819556647,0.9502020271269569,0.8143736392115666,0.8813243152790892,1.0074750083281385,0.9691193766077981,0.9461235797692257,0.9923827906417882,1.005236248794763,1.0124836099478673,0.9609534649541766,1.0085525448403625,0.9645665241019351,0.9131600975373361,0.913287996548269,0.9091096744161647,0.8810403005667523,1.01623831974083,0.9772405419483624,0.939640795235707,1.0280622227480094,0.9534926438293226,1.0267660640928482,1.0077496252875981,0.9719020227291421,0.959161033168856,1.0,1.0863156499734878,0.8602495545965184,0.9103517450275727,0.8887532441975199,0.8455244792970386,0.9048891543108868,0.8653060749882897,0.8150773894468456,0.7949639313320284,0.8758007312892502,0.9541346750467473,0.8607939507214525,0.8740495802728809,0.8622809686654929,0.8137680060331318,0.8939957767035516,0.794390292779502,0.7863277533277195,0.868855897966175,0.9536320187819673,0.9120391100151835,1.033210847008459
1145793,1.6758468366033612,1.6420359952571595,1.5999027016423246,1.2619420010436866,1.109694793345788,1.1867043212851385,1.0633855824360863,1.0911853070209625,1.0647943399480662,1.1165038675443493,1.0755993225308622,1.1335679687678712,1.1399980196695676,1.0868061489778231,1.15196352000968,1.224301030678652,1.289096173450111,1.2795644070172463,1.0575571746239345,1.025577050160528,1.0254232824921539,0.9922713699464971,0.9969435818766815,1.075382741887714,1.0113404088032616,0.8675572756241335,0.9420934011398376,0.9749394750665143,1.0939994400783808,1.0886481686982676,0.851873318578059,0.9288937748293696,1.0460525017682065,0.9793522567468502,0.9093018476755316,0.885608477662468,0.9942492219054279,0.9556563066951108,0.933412166592053,0.8995640907541131,0.9610607332448758,0.9091378100800774,0.9454734312025077,0.9385500382834605,0.9119644501981965,0.9518985722090656,1.0709947991053663,1.0800970538029555,1.0163831282179046,1.0,1.2245027796798806,1.094379545359934,1.0712473374033538,1.0469457360613335,1.1343780483757624,1.1548668526294104,1.0759768840597888,1.0853136477810639,0.9696162055228045,1.1035923244435686,1.1160330254439015,1.0509741189945017,1.1030987140986388,1.0626564697331835,1.0562563134398084,1.092293837287197,1.1290818507906069,1.080165888251083,1.1444212491226042,1.0116128621760487,0.9734688716632737,1.016018141353529
1145456,1.9123800669926754,1.8957500309551836,2.0803826172022113,1.4814143475194745,1.2584740036744335,1.4337953580616216,1.332868246883583,1.5525005091832251,1.2739180571631703,1.3783368194772465,1.2879754878140268,1.4569220974816195,1.2228723034467601,1.0672744406115746,1.24529827172448,1.3276926008199998,1.3197855013641413,1.4950042653908735,1.5038805484631248,1.230349897250598,1.4186306865980718,1.2901588205166217,1.4224062650960576,1.4590394918619516,1.4672568886416397,1.037775187863192,1.1125874326338723,1.2703631234479258,1.3360263577608118,1.3883601860771462,1.194347118692438,1.3750023861862577,1.4892340639392714,1.41954881362273,1.2528271611818578,1.2095087903095734,1.1972603027446092,1.3106411648377214,1.1726735739400387,1.2247622105898006,1.2160099670890525,1.2414901327123455,1.1978409251209468,1.277687201468236,1.0848000227847125,1.2491026349185121,1.316667871848798,1.3539367166286234,1.1733774129806962,1.0,1.2502978184118023,1.3097589267112766,1.315419660464897,1.201073120223233,1.258531815567657,1.2654604549726487,1.2837235007526495,1.2324850139881618,1.2093738651519077,1.2182185329650066,1.3492518889688176,1.2801221084625345,1.3388264754329897,1.3356711099988174,1.2445829932086117,1.396059563235482,1.112577092954302,1.1201571584583838,1.1171075613948522,1.2414953200580827,1.2205836444512248,1.2147393221259173
1106635,0.342601730508825,0.5528497064784147,0.5768190424668651,0.7561599605000714,0.8074730074621855,0.943646613136448,0.8300723323520636,0.8700995357303061,0.9261024827895099,0.8598060436295739,0.9154324962438289,0.9509586646442496,0.7618574203747736,0.657729594271039,0.7486539955598293,0.9484522326988082,0.9540836771433081,0.9374018797228568,0.8376940315639778,0.8462846563258375,0.8957395739573955,0.8171766578721265,0.7347958421868725,1.0073216816249415,0.9748280796597375,0.8062720551167867,0.6844381584406788,0.7032006759959616,0.9452371403845751,0.9627310744665692,0.7820792164645992,1.1382569584933335,1.2908493194768735,1.1587483462483457,1.0127966354472147,1.185409081293003,0.7828244297355718,0.7670535216257508,0.7698820657406141,0.8648530384853471,0.7408866663533129,0.8735528189864762,0.7892452412096584,0.9351462231313771,0.7798777490936692,1.0783515001685589,1.0222914669223393,0.8609992866715223,0.9350873071803314,1.0,0.9440462836497805,1.2403032597647872,0.9636446337059638,1.194084476174035,1.1598121406207198,1.2333766282019407,0.907833120476798,0.9622156251572337,0.9819535374872095,0.9396461598019272,1.1000322187711857,1.0250128320481073,1.2212501940677452,0.9804229271193693,0.8526401442766738,1.0471055441319177,1.047911547911548,1.140134807431594,0.8085787834254025,0.9522774278461974,0.6543055986084786,1.4703917234309918
1101910,1.4277042026388225,1.4327134470535419,1.399692279225778,1.1131413165484674,1.01924528618552,1.0799763135287035,0.7652232765703346,0.9016739432207613,0.8187129111546299,0.8668554015957899,0.8401887449735735,0.8325471403189119,0.7895363494984482,0.7095809374254144,0.7426873371429967,0.8735971846572508,0.9167821714179699,0.8816279035420346,0.8105562925469366,0.7842563297092399,0.8951679925111433,0.7956039917760754,0.8684823645108993,0.9048307666069574,0.868897305372628,0.8005141632708125,0.8775038800134755,0.7854512125676893,0.7880562673344742,0.8334108008361124,0.9959970315109797,1.0007453202506202,1.047449385475892,1.0933826409212728,1.0111298305045515,1.0602053737102994,0.8269643854008912,0.7969016250619684,0.8072976823733385,0.7699273545468592,0.7630240350985774,0.7705361791790701,0.8690954006774384,0.8710383507285376,0.8210372317281545,1.0626301401251557,0.9512276547325957,0.9475258625008526,0.8873148400630773,1.0,1.065372438350333,1.1772649337686907,1.1207635919434216,1.0133123044396177,1.338731339169481,1.1467840214553762,1.2519459052586008,1.215406133745881,1.2027968893994905,1.2513647352530677,1.2076422570596985,1.2860373332069783,1.2362623723946748,1.198363051562012,1.1817584386190572,1.1263197745892202,1.2728000362171217,1.1315267227611123,1.278101133711993,0.9585738932511575,0.8771378916623238,0.8908580710663416
1148545,1.4547450018073507,1.371335811784804,1.2514698316253419,0.8999820337808371,0.7249866322733857,0.8060970609957231,1.047034372442918,1.3205105097814076,1.1695874677013067,1.2710126091229046,1.1218716927306962,1.2733001987303327,1.2910521620054125,1.1868638782171304,1.5013624353775912,1.2129155830450649,1.2192332941143853,1.2462820373603212,1.5556413237117872,1.223077434107932,1.5564750347384366,1.3114022893705937,1.4357254789537133,1.3219847564283727,1.1180862308098294,0.8660455380386748,0.9524048979542167,1.2757693798891558,1.2039309515263275,1.2276634389650785,1.4968401158327236,1.709701437911514,1.85075089684081,1.987846760419621,1.51913343814981,1.5359472991285246,1.286746635685785,1.2411718880735214,1.412084106290641,1.1513650548813874,1.192559617512755,1.198838304982817,1.1605218767403775,1.4385027050378576,1.1422425470231274,1.5705779964307747,1.520146489495539,1.5841886875464137,1.0821773040298135,1.0,1.310561174257487,1.5511835701849157,1.5760038370816953,1.5048329416833033,1.1982434495800216,1.2494435254304257,1.2067651515747826,1.3627684085429053,1.2254292891415608,1.1893642925843517,1.1615422202754893,1.1566761427374064,1.1383358225102722,1.255772083206712,1.2016936575848574,1.2747954769649028,0.9810148808188817,1.0857271167018532,0.9724618440797693,1.3674836686303078,1.4651397471166454,1.3990429655668133
1113563,1.4038918095226494,1.448774704904968,1.386564793563115,1.0576944299960551,0.9942681521348751,0.9676721880171646,0.8667342077346291,0.8898140763654544,0.9429866867518417,0.8977978552759703,0.9510699023414548,0.8881174701938528,0.894690989905189,0.8241046121000859,0.9142704222647415,0.7537410084202293,0.7558965697559475,0.754453921644005,0.855224239112945,0.8642259886185243,0.9035752789988033,0.8399278998272837,0.8906579911453747,0.9463532949737632,0.8349100367340154,0.7893531088285625,0.8659974546545538,0.9163456755732327,0.9636027626570267,0.9496207353496399,0.8058328647450939,0.7647342442486247,0.8130373440759345,0.7665446293513309,0.7954651072359409,0.7872743821409725,0.8567937922343699,0.8696589161388042,0.8856552081707645,0.7821192132681569,0.8485794235618641,0.8082301598381578,0.8337022156110399,0.8217615581387075,0.840773419318216,0.854289711108297,0.9608865971908341,0.8969379867791348,0.8194421040541484,1.0,0.9749386953353758,0.9615581136897772,0.9211351273915004,0.9828367847148466,1.0471448069823537,0.94987728277432,0.9080370567510117,0.9421349524636805,0.9362762736719688,1.016627474717833,1.0565540834471767,0.9782827543038368,0.9760672541644649,0.8283927208611345,0.8745947356460454,0.9398733291109124,0.9476304233569728,0.9171648315765192,1.0607185926350733,0.9186281923376776,0.8631913370224841,0.8838442780301542
1148178,1.71194731216479,1.829730330967995,1.8223923813878347,1.1514630758403008,1.1164737306825114,1.13003158838418,0.767972735243263,0.8897844489498322,0.8019570177594356,0.8258608491587609,0.8010415056416946,0.8591294816047623,0.8018887120310902,0.68562815950171,0.7682315751557394,0.7498144711059468,0.747733764656742,0.7585939002714853,0.7814245106968837,0.7394398723850442,0.7725422071798912,0.7261875039755452,0.8183635222493855,0.8490094569788852,0.8116287892578727,0.7136997562482937,0.7625245486330424,0.7748980206467899,0.7836306240661849,0.786777130114112,0.7630293787890314,0.7611729732844079,0.8234567380486809,0.7887943016492911,0.7381574375325136,0.7595490390682645,0.7780675549676438,0.7310004008940144,0.7454081389063164,0.6791599533707633,0.7610969193074408,0.7428417542742182,0.7223553298355586,0.728061885895815,0.6987277602581534,0.9416475469852817,0.9149702109291271,0.9400392760094906,0.9354115749301506,1.0,0.9984843690640928,0.9871641812247869,0.9253529847463335,0.9866543063242742,1.1191078574093087,1.0517527490616947,1.0745567938343625,1.0341814574245087,1.0091023250327924,0.9949830674240383,1.0984550780768543,1.048202685554758,1.0835028597980103,1.0382308587768891,0.9817471298019459,1.048940304491615,1.162105694647689,1.1385597583760976,1.2697372535926792,0.8572912031654176,0.7625287857335823,0.8243190061604292
1141647,0.7682037167257648,0.8420888049483801,0.8079573782584965,1.0697800857152742,0.9694964177234793,1.0165023685101549,0.8204984878661484,0.9773379405699236,0.8548370014813376,0.882428222102791,0.9308492058858494,0.955355786559288,1.030805541744003,0.9974962398015924,1.0242424093197484,0.8402310712002481,0.8307578866849386,0.8566612286053095,0.9329901786016577,0.8619109498112167,0.8680244397682633,0.8423621453685795,0.9119223604296988,0.9187641632244078,0.8956969457970678,0.8119788160617923,0.8441472871163032,0.933501001096273,0.8976224824496516,0.8715168881027533,0.9596603345443903,0.9726056260535957,1.0482931901870884,0.9701477639777156,0.9613880282532452,0.9323985551857901,0.8189179805224457,0.8472474968045414,0.8369514749104005,0.8505783243405901,0.923637841767633,0.8888717658594002,0.8859777001024763,0.9097812854060174,0.9054472126731345,0.96426403737521,0.9668935380725662,0.9387305571965098,1.0162873497703413,1.0,1.1435690873008995,0.9599232367668337,0.99015035367869,1.0466471719642756,1.0048772143906834,0.9705472447451104,0.9552977906666629,0.9447925035689376,0.8999058872270331,0.9367444362037484,1.0228693697494406,0.9623810277543309,1.0244599503137612,0.9491949089455716,0.9221671879727112,0.9824298933495599,0.9652389211685103,1.0375456350866166,1.0740956006541345,0.9954544221492172,0.9560655044254401,1.0003836759007139
1102128,0.13410052036661488,0.16520762317942364,0.1307469362713086,0.8604742739564357,0.7923093061508042,0.8831529043661992,0.42909002126911566,0.5451913677720128,0.37649247355194737,0.46728320457601574,0.49988654295569596,0.4877803228726715,0.6126863818926875,0.7558763466859743,0.7572049958881234,0.8453670292216499,0.8912324735094048,1.0072205789451927,0.5477077179915244,0.47624328983752245,0.4193554886624196,0.45043300711117384,0.3867711528882534,0.5239548673653541,0.5567341127026307,0.5161847548631281,0.5352672783013342,0.2889011207200142,0.36272836365708466,0.3333870965227526,0.3730844235741345,0.6001984984236165,0.39046815634420845,0.3613360824899283,0.6059807594155543,0.38199066046020996,0.40687960561259484,0.4035983750969711,0.2843839270268276,0.6828431536405256,0.5534985082909896,0.5908374426255193,0.957501400723561,0.904035060228792,0.843476802085113,0.5743572576997016,0.7256182408779068,0.5359252132692702,0.9287301129390715,1.0,0.9886384592934255,0.4674354111022398,0.4814831068354076,0.4574718044732675,0.463761517642011,0.4640512880862969,0.3790951492100917,0.30402425197170296,0.2967711006630559,0.2494177936841913,0.39118270034666364,0.5175705626187933,0.566437461174303,0.290002412756904,0.3517432723040198,0.3739637740020734,0.6654430254430256,0.7251541646799653,0.632230635467065,0.7523251343409183,0.6873447124914971,0.7109475927678849
1129362,0.7033649134493088,0.7032650040514361,0.7425094444047308,1.0568272798612335,0.9205495236085844,1.0162558679300042,0.9991846655661888,1.2650034174950644,1.12257701529343,1.13903303786679,1.104118786530962,1.1400577307307467,0.9758158661866035,0.8602331719284234,1.0556397107614894,1.08962707842031,1.1122205063051298,1.2176344235159857,1.162783147818327,1.118047148090974,1.194501184847529,1.1704845456558781,1.2207617137274682,1.1234046707498737,1.151021927805478,0.9145537365741591,1.0328825094560226,0.9280793918204382,1.0397591234832602,1.0283927264529342,0.8695729239927115,0.973089340893939,1.0546149264491675,1.0840346935039336,1.0248971457329332,1.0281549029922137,1.1631843620880078,1.1634303958318037,1.00136464107521,1.0576197447671776,1.076067173367987,1.101828477990621,1.1067163888544704,1.175672306655278,1.1822342543085778,1.1509096581167269,1.2292982955279246,1.0557057098191311,1.0098072769096977,1.0,1.1073441429534523,1.0241574359650427,1.0531253329539494,1.0087959259210135,1.0240069150232545,1.0708926966724641,0.9960566643445105,1.0539878592896397,0.9917557344751144,1.0453750472404524,1.1214736756620147,1.0632888532040865,1.1419144698631714,0.9498110333414392,0.9700808538395271,0.9566363242826696,0.8466286688319529,0.9828763304117853,0.8266886328569926,1.0062682496897914,1.0733242387182769,1.1197754192755953
1145051,2.102053921949884,2.3619211854763535,2.320580068705247,1.3425034051795055,1.2458563683840775,1.3120377798026501,1.0031908072550537,1.1633856229055253,1.017943168462699,1.0637559843426427,1.0527669027986308,1.1094303036926116,0.9751372441966951,0.8800379160219779,0.9216171946238312,0.9711001839207231,0.9648572650315536,0.9903594544823676,1.0447415126118726,0.9459800659165496,0.9452244284965424,0.9415939258398639,1.069598814649536,1.0576813829810479,1.0096553643475163,0.8872441986146916,0.9491190536069432,1.1069235928661825,0.9957072855054344,1.0382449339315614,1.0331483874984217,0.9901479780636201,1.081381818723607,1.002765557095866,0.9452581784719295,0.991528473764004,0.9626405119923814,0.962231975701833,1.0365171022029118,0.8544525820800544,0.9962431206456389,0.975631522208737,0.9035025411420496,0.9079758156276116,0.8910577543570144,1.1813596610430221,0.9798633265830838,1.0632161801111224,0.9949935332296167,1.0,1.1077763212723495,1.0451051550831407,1.0078304638240978,1.0372147071008553,1.0788109236049703,1.0775717930034838,1.1354529188373803,0.9767064911277187,0.965055390786823,1.0902063874903762,1.087450910882048,1.0868939879807926,1.021975568378658,1.0893931311120002,1.0313837419720497,1.1064916539749916,1.120587866560192,1.1000682494143403,1.182511369690325,0.9871953864536825,0.9196793518728501,0.9522247000334283
1128968,0.9058202050815929,0.882779232932436,0.9074830059760922,1.288853318353402,1.005957142308034,1.3268818834433704,1.5217146349193762,2.0085134267608242,1.4141466936284004,1.4393089516172672,1.5198367390357288,1.54926217821683,1.298950688533777,1.4490989713577829,1.3209739496093122,1.4600126082487759,1.5187477762859742,1.6155651380110232,1.439068989254464,1.265465069370911,1.472770553840183,1.4426133519073623,1.5002887871368573,1.5080108195739903,1.6381582157893064,1.139106634306754,1.2144236643260118,1.2457189690386574,1.4963341043304943,1.3405598602000601,1.301798235006085,1.7413916090532433,1.729097228939692,1.5135130890949842,1.418279846771687,1.4920199714174052,1.2252841889340227,1.2901495441784379,1.1141465245724567,1.4713293880517326,1.413255176152186,1.3993460063157406,1.298181249006542,1.5237706401842028,1.3002284481602002,1.1074646661491137,1.573936687815881,1.3570365256349888,1.0977332906424113,1.0,1.5097629573254314,1.2271654941091326,1.3281493529414161,1.157989169273688,1.0668593824000356,1.1126056479554876,1.2269718577061741,1.090561551764981,1.1811679860276412,0.8437856207105068,1.0705916306527896,1.122381818854833,0.9801511192138783,1.0325357722521187,1.174678470792747,1.0523742941608845,0.9817872709766323,0.9955558825612313,0.8541888445892444,1.261155107272306,1.4498835810205497,1.3595498954693213
1103567,1.887196740486113,1.6985408758134484,1.730457127400594,0.608856311593112,0.4884678472488884,0.6551191051685675,0.6614454094292803,0.7230800953079175,0.7733413703912674,0.7271471851505156,0.5535882398300209,0.7912475263852248,1.1337997227747783,0.8263243070751272,0.7803379670410266,0.7013773202591892,0.7277017444796002,0.5830862882799911,0.5941429622864014,0.5450378940978696,0.5896113892199358,0.5074426468115916,0.7053207672888252,0.6803563435321165,0.6737216567438263,0.615902264325323,0.6222108341525626,0.7669607814765756,0.5879600069654051,0.7616634714462955,0.8855897009966779,1.0836617358684941,0.9963893510372985,0.8540179683404562,0.8839116532449071,1.0237530534760584,0.6982567786373747,0.5710798450889911,0.46873686831551215,0.5505277827420149,0.63313308570851,0.5682967869193879,0.5907327182911163,0.5712999338945838,0.5460798353062737,0.6693616139552929,0.7826919043624155,0.736371586582107,0.600094927960175,1.0,0.7113384819783404,1.1317929976017262,1.1096412783185605,1.0074375052648912,0.9009617037121901,0.8233665805012119,0.9503877979991482,0.7968348145833339,1.012639585533684,1.040068671116263,0.7909866468842729,0.853910838227442,1.1361108934711617,1.263609607202645,0.9342143691588776,1.013465712694431,1.1442849625276363,1.10577806658265,1.225167223219986,0.8958925801447777,0.6625175599740647,0.5910545451891154
HPDH_escherichia_coli,0.0006440984185205032,0.00011805776351713889,0.00012517639970281214,0.5144571291732533,0.504863534810913,0.5252248323990912,0.8225497634619089,0.9459472280343361,0.8590778661954895,0.8003296467335577,0.8126940679408912,0.8358706155360378,0.8825799738209168,0.8159535293238679,0.888464833748198,0.6803729735475396,0.6777359545750496,0.6872564387304099,0.8951854846588624,0.8491026529453076,0.8223156591670038,0.8021031360768932,0.8480430663075222,0.8481131279360266,0.7331761827659851,0.7411425692077751,0.7580191396884292,0.9487966857041886,0.8602271170368274,0.9513980232674127,0.9722815740055375,0.92672134668486,0.9743714886101854,0.8578122182316482,0.874699918328549,0.8543783264151038,0.817460034911694,0.8110993521070408,0.8584447733770829,0.778856762021389,0.7967797139402799,0.8325905869688046,0.8213828762704569,0.7978679999237628,0.7742739304575128,0.8815821517110478,0.9151233139503065,0.9093064071233673,0.8455526770605448,1.0,1.0773967129030155,1.0079784718954878,0.9662232281449625,0.9550244637145955,0.980717999882667,0.9550243454969461,0.9830040519894023,0.9705151918711543,0.8933126638768244,0.9620775530861386,1.050605919493157,1.0423821620283575,1.0673978623236173,0.9804865629501983,0.9722846554930905,1.0117731946608257,0.6424178589650104,0.6586569278028566,0.6464432952930879,0.8631340411357049,0.8158975867907567,0.8911575375306251
1142568,0.5242647340843228,0.5543138238664259,0.5105419131528705,0.5770658698460369,0.5343763570317818,0.5468578414478806,1.0580646988467444,1.1535483999697957,1.0010942054552785,1.038825656793383,0.9877910019227985,1.1120241360432543,1.1009852339613198,1.006574795963505,1.15552271077468,0.8621809909570702,0.8625908593404302,1.0232258808036558,1.1012303057997088,0.9439219233451284,0.9876972043868623,0.9450409168790357,0.9983823054124396,1.1044870292260056,0.9962624583188252,0.8908599372522863,0.8398847109847344,1.026918945859723,1.0145322025878074,1.0289674857771276,1.0382625188135624,1.1479488955718224,1.2671829532964778,1.105560265181132,1.058670405926236,1.1084036188160655,0.9799040448758729,0.9840841777508664,0.9989719867939961,0.9508955352437947,0.8852182314516588,1.0052003339865798,1.0412152749238586,0.8272362669609856,0.9723420823169553,0.7664315121747829,1.0362132772913606,1.005046006790919,0.7711626054416352,1.0,1.0230272732957357,1.0492675491384942,1.0997411828494992,1.0453718749462757,0.9857400334861757,0.9777314179294356,0.9685437197576048,0.8765201586796568,0.7962818939133016,0.920329413252128,0.8929343715454555,0.8533106398272428,0.8224871969833557,0.8257609012241627,0.9265535424211228,0.9402438354203596,0.6878082888631873,0.7047908836487532,0.6878679770287274,1.0152897958956648,1.0317251666888811,1.020870235939371
1144775,1.6455144365825738,1.573992278150817,1.4660526837983403,0.6444351393790565,0.6225443885832989,0.6966937475095518,1.0644881331148717,1.1507043113021085,1.0973750568595237,1.1239010241456615,1.1160785706205094,1.098549796683627,0.7817286545746677,0.6567150639510938,0.7827368043161289,1.0368912935592982,1.0569553548773414,1.0705907900166558,1.2038439344958856,1.1037535569815464,1.2500810257262762,1.0959959966518724,1.1734364911508113,1.0472995418350382,0.8764020421571015,0.8330207098792134,0.8947588754213016,1.307379333578747,1.2039785680728492,1.2530561341325674,0.8235606343021898,0.8286610638692492,0.9256311214924594,0.9306478813214032,0.9921460185205069,0.7978250604166824,1.2051030882772589,1.1511129582057968,1.2940935112908112,1.0280227970061047,1.024397320270011,1.1799123099196758,1.0520333948068608,1.091092232288912,0.938692124369837,1.3040814353247658,1.3848309946632273,1.3489536259559862,1.0014410899152582,1.0,1.3531073132666431,1.1359679836937382,1.0929751007497182,1.100058718781557,1.1479206080891324,1.1544748613391131,1.1012768475025685,1.0813131059074985,1.1356043240020812,1.1316998587543945,1.0894730481657444,0.988585514918912,0.9568550971278504,0.9041582072578568,1.0241682138169361,1.119346475711821,0.7468081421683088,0.7384174409145312,0.8100321953175442,1.0570670344269884,1.0046881341237974,1.127426947128141
178461,2.558879220688276,2.696196917351107,2.8515567022464507,1.6397002627923452,1.7543633353258783,1.6661201466017104,1.2063413532166263,1.0982207022024464,1.245023952197944,1.2023360626301802,1.2455076477897522,1.3168870057495992,1.2941576630295897,1.131014690722036,1.1166805031791822,1.1185263742876241,1.1299597558227956,1.144560530459513,1.3476709568698462,1.1386304497335253,1.1888431147153922,1.1979553862669043,1.3716070057459175,1.3758677705417475,1.3110817570239155,1.0689853830063827,1.1711211699777817,1.3723363228029022,1.0809627002969215,1.1739379087146076,1.2124280409097148,1.1532526080796197,1.140333038179464,1.1140294530209232,1.1038226699144964,1.202269159130892,1.150909427299986,1.1631592152312584,1.0464854811488131,1.0327817229964267,1.2628979835387226,1.1825287111251084,1.0842623509140357,1.2633427262586778,1.1243607584612796,1.1210517038682206,1.007774821083251,1.0533781531100799,0.918860121943382,1.0,1.0760196269501243,0.9056201321368764,0.9236174135763755,0.8759433657249834,0.9796646547908322,0.9165508298603842,0.9701387197917407,1.0031107628684879,0.8998923718090157,0.9459477930573549,1.0146203831298637,1.0992249163651309,1.0234322015728632,0.8628011107994341,0.9020071733153248,0.9599958987774508,1.2131186527777464,1.1679722148684475,1.3067911019249334,0.9887584249938601,0.9688877879965935,1.0114706616746107
1176200,1.0540799107083554,0.8318348746051695,1.0807767322010748,1.20545132301158,1.0072223687076556,0.9672577856536163,0.81075413927706,1.0488604208468393,0.9131805857779548,0.8802889576883398,0.9025843208579523,0.4474995756762184,1.0203349282296656,1.2880084968072998,0.9990293520724545,0.8434236275620561,0.7586047119929761,0.8131980884746994,0.5714897636411571,0.810663631271795,0.7935190010229101,0.7523021452102415,0.8319092108033834,0.858874275911793,0.8997269080002163,0.7434048383435488,0.9389748882008951,0.7192385861502549,1.0979596658234871,1.0169569244596073,0.53623677133032,0.9582116378341953,0.9312518736269397,0.8594713134186831,0.797514273604429,0.809738291846892,0.8426980167452902,0.8516616745114829,0.500905724978104,0.8819424706400897,0.8923891495465986,0.47152622011502265,0.5312285527517494,0.2850931443996366,0.48160871522977505,1.3102776512769372,1.047400380144995,0.8551378446115295,0.7218217809813087,1.0,0.5837245287130877,0.754465944964315,0.9607673523819832,1.7116287554328877,0.6892638332770524,1.2261296420075187,1.0416190540207493,1.077006261140903,0.7118601388465635,0.8918721882706574,0.42185954500494577,1.7218038422270325,1.323213296398893,0.827401337675527,0.712009420322259,0.9170379030686651,1.0483527738264595,1.4395987869274123,1.1266148925707837,0.9478809484932614,0.6953654939163343,0.2988118077874049
1144118,1.1982089916584802,1.3325550033567888,1.2229306782321496,0.954590375318075,0.9548776645166257,0.9376048151365415,0.8469097770049538,0.9735768600633717,0.8947726650094483,0.9171425736758937,0.8875776436265133,0.935478438193753,1.0210721749532092,0.9517880097640072,0.9447545980580521,0.8309494483994814,0.8671918759136265,0.8632020842554969,0.914322941970388,0.8582460540956072,0.9164662774348138,0.8348966756687453,0.9153143672791224,0.9294023821861012,0.8675446598581507,0.8047329441776956,0.8445173231409298,0.9709254858593706,0.8661146645563675,0.8932567915085392,1.1032160615668787,1.0056534196104454,1.0369484038624799,1.0222247111509466,1.0601355294455945,1.015197701176325,0.8392479230085179,0.8330129259527242,0.8545485981961384,0.7906032582159823,0.8667237769062446,0.8453527090823286,0.8368549866350378,0.8443798408597365,0.8272681149605225,0.9518000778095189,0.9595048104225409,0.94693859715991,0.8664448118173151,1.0,1.1078771123193651,1.0011739764694358,0.9732614831681311,0.9671613411547987,0.9287415569517768,1.0271461651452092,1.0322020096029547,0.9640784050563663,0.9486571008694046,1.0410416501127406,1.1351668713794667,1.022610078395022,0.9771255495768012,0.9994165234546444,0.9766984440645519,1.061557023148807,1.0857364583638316,1.07013477870143,1.182883532077629,0.9417480824027995,0.8861005861936312,0.9084727522889642
1146951,1.42218076689211,1.5311079406631525,1.5201635839226035,1.0448179154652883,1.0382859406627627,1.016584565959492,0.8107075314601007,0.8710412124857346,0.8689773918036098,0.8318384635614915,0.9061083294093296,0.8333145260961722,0.9237185717071749,0.8438290379994565,0.8839497210103046,12.560863609192342,12.87805304605295,12.817069958103813,0.8428341100550379,0.8432282060049702,0.8682104147159463,0.8316076135894186,0.9095485748774582,0.8911948091721075,0.8393353907459733,0.8030439491338801,0.8382980251615214,0.9368069668343136,0.867695026291922,0.8925649171805581,0.9303618073068701,0.8881261609229082,0.9454811459056702,0.9381475952339624,0.9222661316443036,0.8708920123413327,0.8464893356121604,0.8175152769503715,0.8721347686176292,0.746617933034871,0.8252773508178723,0.8080720627388935,0.8126203442353562,0.8286217532071094,0.786104938822289,0.9641165151771133,0.9387905223118038,0.9430284213380452,0.928386834892346,1.0,1.1079433540812862,1.042006586896034,0.9688324316597676,0.9946418696382638,1.092661764219193,1.0609790274244049,1.0618837208871041,1.0461226738336504,1.020316680880856,1.1254327831588602,1.2080576168304582,1.131951146158446,1.0879739496953071,1.027927974543837,1.0783583194160857,1.1268227528943284,1.2035140717973976,1.1098846758885073,1.31041968754179,0.8758041050351904,0.82316042554712,0.883461501671958
1005336,1.3300821785651882,1.503529921111283,1.5061136721114807,1.2702387373288646,1.1778267939042093,1.1833895490963686,0.9025293978073193,0.9421281338313899,0.9636704785619277,0.9196544546227045,0.8588434371214652,0.9449428502723276,1.1377600483242332,0.994348049335767,0.9488429524371349,0.8418495415817774,0.8401880331428921,0.8984725744552826,0.926842762220007,0.8517250182682153,0.8414846351618699,0.8476945625957368,0.9357957555495758,0.9277887896161545,0.942580156725615,0.8070173624897463,0.8835179276179095,0.9762799000364933,0.8998671337536618,0.9405186525195678,0.9516808583507829,0.9514731990995275,1.0333251207761935,0.9131353975318297,0.9231708147674538,0.9413096987409575,0.8739437177859648,0.817834960617691,0.6609557625096616,0.8167564381169508,0.8659335417769407,0.8237331981478633,0.8475426962371875,0.8090450417862364,0.8259164270281888,0.8126469332544636,0.9102497141325941,0.9429848826700437,0.7899884913082417,1.0,0.9839521766300241,0.9443888484252586,0.9061719978797107,0.8942641871552319,0.9815294702390047,0.9191221607830052,0.8803790865921483,0.8622920266529688,0.8622657040310762,0.9325399851070252,0.918279900644819,0.9247220510920813,0.9224212987912394,0.9910974328764315,0.8789596356311862,1.0089537381843323,1.0063811114143144,0.9846866217590797,1.1447138258604472,0.9185645877033061,0.8374729207481233,0.844655988309422
1111981,0.3244953185250808,0.37320468876179713,0.3703388588466051,0.9257872550866226,0.9033954774681396,0.9376947125125606,1.0100103842983643,1.1099984475412619,0.9808167189554599,1.0244027639564846,1.1487835834554936,1.1056512958392666,0.9929642332035276,0.9685974657941344,1.0393794209905673,1.1543500621347713,1.0902951362369104,1.222058666218474,1.0847263806542353,1.1287426625031773,1.1180981956309886,1.0940444808536285,1.1155496934177664,1.0876665391701852,1.000485382040443,0.9874508481315629,0.9922144983413862,1.0787933732649162,1.022191968126015,1.0760638289656894,0.997188431861688,0.9289567072245306,0.8723125552749615,0.8558056323540519,1.0593459187494363,1.0195663260471524,1.0316724572336669,1.0415439966954723,0.9608075498221376,1.0483381731429209,1.0388265627584923,1.0437747642663282,1.0309401541224692,0.9166819881184044,0.9617287230790055,0.8853580981922126,1.005013456615685,0.9534095191189229,0.8072289590723499,1.0,1.0417940141377284,0.8180516704179541,0.877074756197779,0.866033562890121,0.8056435463665711,0.7938433018766026,0.8479255350620519,0.8116268517433018,0.8850322338037246,0.9131085888391591,0.8687064861633065,0.8229359339597394,0.8276676780784706,0.7548266839730078,0.7886828099007694,0.8432590483925345,0.9104454453803568,0.8372861013671329,0.8642810903440953,1.1021324977727267,1.0073809519621724,0.8914080043579893
1182700,1.2960198859409027,1.3123547031267249,1.1487618712564809,1.220840576501719,0.970499381546611,1.22691314884468,1.1843147141395596,1.3922312900136367,1.2598795999256187,1.2643712352492211,1.2261339229491026,1.317759146544406,1.3265129474851856,1.157133012270896,1.406132544859136,1.1795826994375118,1.1129565763211526,1.2153765320517849,1.2724205524759677,1.1484383858626912,1.3175426665851808,1.1926969307864368,1.2238966962180697,1.4866840245500803,8.75633077254971,7.304356125521781,8.941345621552907,1.168605428031366,1.3671538959826695,1.3994299727675579,1.3476053933151253,1.454414675605343,1.790076696882637,1.5529354999314426,1.4717923459896285,1.4517807725674354,1.2674478138858414,1.2593005223615592,1.1684192498822767,1.1716818149075774,1.2089924725266625,1.0869563810881586,1.1701405668839313,1.252424291484765,1.2693060820470148,1.2994806147391345,1.1642945685232804,1.3216831381661096,0.9620618465144359,1.0,1.251104628063611,1.2744972301937603,1.2534630153713868,1.220409940565075,1.0873431629041947,1.0178119595455128,1.0357209924296777,1.0792858670503915,0.988922474644667,1.0282097702914783,1.0888091682584553,1.0914666233255186,1.1925680647534953,1.0567378859427734,1.1690591218238098,0.9965812621588235,0.9369195886370013,0.9655280695385097,1.0076704660879727,1.2377283124567677,1.3277057925192886,1.317802548304069
1145895,1.3541534685343308,1.4328386856354316,1.4891128981233321,1.0529936087349188,0.9744131186848763,1.0253809742304123,0.8204449243434117,0.9331738346602703,0.8616297200627736,0.8759388488600903,0.9102858918716177,0.9118228077363433,0.9024596648908908,0.7873395274469231,0.7517143808076358,0.788306007134219,0.7792284192969903,0.7882491201487969,0.8728227127942575,0.8383684413558213,0.891475213737112,0.8091976212693208,0.9181955004760692,0.936745003294531,0.8552935865194256,0.7653258622110585,0.8275995376900971,0.9744527224291846,0.9177943347953063,0.9305170084005276,1.0083545589536351,1.0085834032506127,1.0742305895814028,0.9949431532515458,1.0538387064928163,1.0283446607239197,0.8525654312011933,0.8631922162955672,0.936745003294531,0.7952642674810594,0.8761510269342623,0.8357104987986151,0.8349274172985394,0.8360899773439592,0.7979803147812952,1.0844745818549466,1.0061862320093564,1.0636339975743043,0.933598329567305,1.0,1.110551138492138,1.1306872878225727,1.0781880934735375,1.1295633045297748,1.0955947042803669,1.051614134488717,1.0494096763161378,1.0576196044022703,1.1525973171102368,1.134132072543433,1.1358875110434734,1.167977011725095,1.0912257582238045,0.9901901488294069,0.9837928092448869,1.1281480899500778,1.103733920404831,1.0107012593502074,1.1753920649679075,0.937955893939948,0.94848721427164,0.9550381628739566
1088723,1.3924988215623764,1.4425949267923233,1.3491826626651755,0.8856864491376168,0.7965055786943025,0.8230382404923062,0.7890459593264786,0.842813849106517,1.0892427367448754,0.8961504400618707,1.0175053623495864,0.9256354659924808,0.7012295773148539,0.5548392515132684,0.7680019165840551,0.6697997894454497,0.7097782610534017,0.6691879474421231,0.7153433541409494,0.8994905457684766,0.8542411324380611,0.883085716768783,0.8030040126561874,0.8923228927652426,0.8102997758346532,0.820811441546812,0.8411127382291673,0.6946636411582686,0.8517002451658972,0.9533510293265798,0.5806726172691152,0.6824845848487672,0.7573957991658732,0.7634400819626376,0.6911585319506502,0.7497757121712948,1.0149577669646301,0.9082480095497631,0.8541738806953872,0.8979276123866553,0.6927511270613252,0.6702918521609891,0.9510394181730911,0.8866487432030561,0.9606509975827126,0.868145724825072,1.063373095456356,0.8483649529912267,0.7295595329914258,1.0,0.8755668163566788,1.022505172465937,0.839456742213099,0.8961510930478203,1.13413209779522,0.8598476517281846,0.7817744243264612,0.9662386794034512,0.9426944535696122,1.0019658165067842,0.9269156537320641,1.0281441419540736,1.0330995183047809,0.9283895019139464,0.7974356890098012,0.75191881601821,1.122236787113792,1.0021151544928057,1.0901294225136222,0.9759556591477673,0.9822073089566864,0.8179357071921878
1111059,1.55661439572872,1.6859338665763235,1.6532839103401413,1.0247772774011379,0.988777269537017,0.9622658037737911,1.2089915363356236,1.37407197831077,1.2560754469441169,1.2941238273568154,1.387274022050409,1.4570103586436038,1.552452090772599,1.4313679660696437,1.4165095767921556,1.1856310502283105,1.1068913974677554,1.1849441262669946,1.4065314532511763,1.2216276689081071,1.2927567239830293,1.2043033356959911,1.3453708110049338,1.3444293459937278,1.1428036729339748,0.9679962609964076,1.061354615296411,1.3855475452782184,1.2557575988070442,1.3116293198582796,1.3131073851619008,1.1383171227080993,1.3304179772733717,1.2144030390789935,1.2035116585083423,1.2340207097163003,1.1709569842014709,1.2876116116116116,1.3363851735397392,1.0241963945631476,1.2761185005502775,1.2013480553872389,1.137568988091726,1.284316106205922,1.2047480680027678,1.3422751453554915,1.2247506125492704,1.2828116355440062,1.001819887070533,1.0,1.1729944111035004,1.1840995202765117,1.2884073419855424,1.1773904447077623,1.0799567743692726,1.1506413744448463,1.1807968610721262,1.0359296433537548,1.0190811090318241,1.1050348784439716,1.1005311101690924,1.0005710103964058,0.9805453931124106,0.9902148272400633,0.9456841310299254,1.0601607727988427,0.8660947027027027,0.9344914692942954,1.0147977732355709,1.123501394199024,1.072765475348911,1.1637399582075694
1145327,0.8125840482088627,0.853538173336888,0.8150203341413891,0.9494684493894789,0.9026555462116345,0.9088465633090406,0.9035991847756953,1.005027669764406,1.0033707141734693,0.9473289566140143,0.958375292778674,0.9995456254306967,0.9134232344271636,0.9137144122723307,0.9663594966856764,0.8240540959013387,0.8231851395942288,0.8488729812980611,0.9554676418531994,0.9729350002961169,0.953890752124537,0.9385482371169638,0.9823998209315512,0.9967259028460257,0.9204044911608504,0.8904916554734377,0.9017342934338402,0.9742887192051114,1.0245220588170008,1.061270850666142,0.8968631685256753,0.8361557991099121,0.9413190870818412,0.8959015511796234,0.8849183208797207,0.9001440605530611,0.9424237817171731,0.9216234681312395,0.8575707157156678,0.8378190414234097,0.8652953700990251,0.9077896741905348,0.905130715299987,0.821575659972716,0.9250685678224531,1.0051332767100836,0.9109504088335506,0.8608665676335641,0.7752761082130828,1.0,0.9565204511130483,0.9763252942885293,0.915582989373597,0.9853442069572389,1.0406943474116908,0.86535970929726,0.9031976141804903,0.8800713739941467,0.8083325631067039,0.9095014100629562,0.887178172983162,0.9629174584782507,1.0177340181076686,0.956797398490466,0.8335859978263559,0.8217580780811781,0.7971527254568757,0.8579492857604766,0.8266848730397467,0.9545800306225314,0.9311341320993933,0.9764267464786268
1000708,0.29129422497368695,0.4190048413970891,0.3761863320436079,0.6326954457795584,0.6170837292455204,0.5266163510364098,0.7477208976157089,0.7552736339552614,0.6901360838484143,0.8200184260499694,0.6589345021272008,0.765622941973751,0.5255579616703577,0.6161622568244202,0.6005927648887036,0.8931029429838252,0.8228380484943896,0.8515758046987713,0.7739348189010671,0.6875027985492321,0.6641289732838025,0.6448227750754163,0.7679267336220292,0.7688735540905353,0.7319912591437854,0.6522018180681687,0.646395756370181,0.7543695657649904,0.748666085655416,0.7808573932235834,0.8580869152514393,0.8031387399238302,0.8328774701317199,0.8808045085218998,0.7710588886829283,0.7206921216774452,0.6840560440880765,0.7379542851441055,0.753942478458199,0.5394061793553406,0.7392734971372886,0.7261915564805634,0.6126070982415976,0.689362453781549,0.6958024463691036,1.109993948912099,0.8840104955512021,0.9973710472615696,0.942347301801296,1.0,1.0877816785189185,1.0498080717395843,0.9206657585434307,0.9244726830376252,0.8498386004064884,0.8588460617431284,0.9604611274609615,0.7762802386534203,0.6828918636043166,0.7197379232162271,0.921453043437304,1.0532942062515636,0.8964488515975935,0.8225095702315182,0.726474415015659,0.9548324905592654,0.6281394437916177,0.6339983582387907,0.7063636740042457,0.9321810570068298,0.7570038912537103,0.8754370202871635
1166734,1.735897581181226,1.9608332887813884,1.8503759263165822,1.2688806022830763,1.2813447442852912,1.2134714853310504,1.3091212281253406,1.3069933701407335,1.2473206795792162,1.313882244881923,1.3241789997476539,1.318652089858619,1.3808747678785467,1.2470332324888842,1.285775029628219,1.0532034437612567,1.164057050668892,1.125339851834533,1.2945639319614044,1.2447937104545894,1.248392764005385,1.1350571907491738,1.3633154340452651,1.43190198908628,1.144094460020376,1.0629050398059663,1.1074907804642344,1.427305175093918,1.3438097976896688,1.3560672756520846,1.3883707220448223,1.3365991559130836,1.4876769469483964,1.4379970601473437,1.2496684848057222,1.3064506039449004,1.2182125338350578,1.1810095623895691,1.3104860234213875,1.0612958359278315,1.2462031004033796,1.173919106209857,1.1400302571486733,1.2752508810634582,1.1763539429228753,1.1679918487747145,1.075459444353593,1.0586617334615223,0.980428365573279,1.0,1.1360858334818662,1.1569160047814566,1.092448789682561,1.0953179262377717,1.0679268330452143,1.0920044946012302,1.0502613109527879,1.0935386100931508,1.0670431557838445,1.0914273444147284,1.251318809312655,1.1235970813461078,1.1051594551296309,1.0340667624049884,1.0699252982812348,1.1120762218526823,1.1247570885185234,1.072486528155458,1.1788392772639462,1.017292178831428,0.9972453317026791,1.085375724385673
1162479,1.0451077529815054,0.9858277109612212,0.9127354472521343,0.5964837134113128,0.5824088496656477,0.6125229563800838,0.6122774612109122,0.6005424260171823,0.5566314016216071,0.6148963308662126,0.6284293299392073,0.666449661836537,0.7928192131565784,0.7267525836493735,0.7686885055894763,0.5827572727728263,0.5578168939766307,0.5714394371241085,0.6088818716086409,0.5446857865167873,0.6014649762775094,0.5450636960509415,0.6121756915138012,0.6274187354987976,0.6523225989548218,0.5196910780265328,0.61301282687051,0.6202808626474438,0.5572493906901181,0.6009483541631394,0.6828395306898364,0.6892783978646073,0.7107113934115986,0.6462083085070983,0.755719146054403,0.7146213001185212,1.0,1.0,1.0,0.5409065759542511,0.6095596146650939,0.5332935432825454,0.55669534944852,0.5744071433151374,0.594962794531685,0.7789057295879613,0.748099071456892,0.7919326069760472,0.774089855403199,1.0,0.9542924648119833,0.7815547340248027,0.8716439002783647,0.8220941019378722,0.862692246269333,0.8969701179372874,0.862114227659035,0.8788938448402588,0.7179078471876896,0.824932716570066,0.913375778856906,0.9019841714511949,0.9039442589507002,0.7841306669711408,0.7931981812864031,0.9268228420142153,0.8632699996542496,0.912969906183731,1.0378390186233943,0.8199217963837959,0.7554971720224759,0.8150874773443788
1184650,1.777506642494966,2.1192991195271427,1.8790532441216985,1.5666897665604278,1.5266373513422078,1.5366601319351643,1.2165524482719345,1.441636404298683,1.3036354285824026,1.3300684407945493,1.3305160129644198,1.3523283307752223,1.3892984312991807,1.2970261630483042,1.300500269333776,1.226672362331728,1.276613440331022,1.2996702183845767,1.4300951327448406,1.2988314129193916,1.361691823444963,1.2860623063834387,1.4268300058391215,1.3764323899378679,1.3462195048292838,1.1953441509074976,1.222223102460831,1.5775231132181646,1.4118895259650874,1.4119675430885275,1.4332076050052978,1.2600458895355522,1.2953705436725382,1.2104694352647276,1.1669713496571483,1.2698622920779188,1.2945903407503523,1.3049085383018337,1.4392939451728142,1.1288327395649211,1.2563893569590892,1.3208191556682307,1.1626630133449904,1.248504438726069,1.1433277521863443,1.1718421510986727,1.0379868323305639,1.0866402067701015,1.0466486348935218,1.0,1.1610348576260203,1.1451332901956022,1.0982497875818997,1.0459603428586235,1.1838292205325884,1.0931394419036449,1.2149080933720224,1.0993099276825133,1.132976252344394,1.2188515891887706,1.202845610117918,1.1427465742115115,1.162182482321204,1.2487553879526436,1.1868558841458914,1.2593798499145612,1.094130913108581,1.1035001204988415,1.1331337751839097,1.0295277157640228,1.0822169549359562,1.0793790967939287
1133804,1.3419685401362815,1.4303890143976432,1.4027326776136442,1.1188130263092226,1.0835711560354309,1.0422828249620524,0.8362621303720531,0.893273190876758,0.8007709794380055,0.8219163639308561,0.8761881486778514,0.9071463360999917,0.9597026371818704,0.8802304421380376,0.8509011796784849,0.8255055884623631,0.8697384877052381,0.8136673512781881,0.8098522075939738,0.7852549200898497,0.8219124028563444,0.7788802350686965,0.842995612825204,0.8898236775451185,0.8539474576047363,0.8140148438826178,0.8419749720604025,0.8245998202397484,0.7613070409811624,0.7943985528147711,0.8740856962340725,0.8665951023248532,0.9217151627943586,0.8734120637644377,0.8988928236706735,0.894603519012529,0.7637379514938148,0.7727731031093327,0.7651278620481775,0.771741474938217,0.8265549008634039,0.7623003475066525,0.7947693283751035,0.8623205441442704,0.8202252101529393,0.8713066038725583,0.9291206580602549,0.8972624330197979,0.9488196813504998,1.0,0.9962395980370672,1.015908216432028,0.9541270369129561,1.0298725822804333,1.0314036463812877,1.0009372766115956,1.0275164289834244,0.993851289699235,0.9724706236332068,1.0188302867304895,1.0748568207626676,1.0015257777930997,0.9741315434699153,1.0093251178606015,0.926221081480659,1.0418652822209191,1.1402907493533183,1.1621153203831371,1.2885442665315454,0.9275943919462267,0.9472320354144022,0.8490094155896027
1183763,0.8189127852373511,0.9520501334793479,0.9665936987256084,1.7084941674528185,1.6052956359337818,1.613590076889009,0.6354544288503754,0.7604523173057028,0.5588711623249485,0.5790855984209544,0.7209648086777917,0.7015229713521278,0.5896573226034448,0.7512289447900676,0.7711896762365543,1.0210905227282243,1.0436997739270937,1.1164466653165481,0.7023292793427065,0.6664485503547913,0.6881359149378052,0.6944560892517986,0.6971819142023677,0.8002406719788039,0.9400450908948395,0.8144102108135723,0.8552247127998361,0.5882687272798655,0.5317668345226041,0.49239808086805353,0.6424077834088847,0.7456841362277448,0.6154735640522048,0.5711341201674253,0.7427349007936566,0.6244944271398873,0.6227945771401402,0.6823988094601356,0.5631348621823866,0.9490525708027537,1.0441563078629081,0.9878061123882376,0.9285205042479374,1.019129118049535,0.9052439231871572,0.7847135843255503,0.6564314981238994,0.6564303988453253,0.9154972958616725,1.0,0.9519778698780378,0.547297204542484,0.5583794976134232,0.6167365173494913,0.6149597248603549,0.6505550222295198,0.6346861180174355,0.6232063681172164,0.5872153077931881,0.5419889334929058,0.7429670160006884,0.7114950025562463,0.7770049744098482,0.5789106740632967,0.6229089194635488,0.6029694642874612,0.9514581010165848,1.069434230622988,1.085961941890417,0.8210075010795145,0.6708125320079337,0.7323718839594245
1146094,0.20485259909557002,0.18772077889237407,0.1991172297970561,0.7883628066224296,0.7538802753555016,0.6871267755176753,0.5177111387012507,0.5491773590917686,0.501103882577433,0.5211727097896498,0.6593319693768468,0.6107955057916267,0.6053394521874977,0.6575286990259459,0.6122935110242178,0.5259606913266218,0.506818618268723,0.506818618268723,0.5612868128447644,0.6713635956177761,0.5647163914755414,0.6208470428495613,0.5899173110184727,0.6213735114390506,0.5771434569944764,0.6030356146830137,0.630986564581411,0.6169743727752611,0.572597956000837,0.5523872551439033,0.6950414795858921,0.5424449365060373,0.506818618268723,0.5193310321812823,0.6623625613452059,0.6065300466761306,0.5202560898464719,0.5221641431930083,0.6560930468446666,0.6363259148376487,0.6963505454563391,0.6075476670217875,1.0,1.0,1.0,0.9481705546968011,0.8922991245917157,0.8332272186186085,0.775899579768155,1.0,0.9640085165315175,0.6989992367272839,0.7607485423165601,0.7653831800753476,0.5658158359773644,0.6069062268640955,0.5604348067062612,0.3942513482760843,0.3825017384221445,0.41156722758146863,1.0,1.0,1.0,1.0,1.0,1.0,0.2045790483975739,0.22312367651569906,0.30851723073770515,0.9593913968365018,0.8923819500832689,0.91114384983857
1004906,0.1762529799498163,0.20641190163051198,0.2192699455164995,1.0601316173580064,1.0780331489840536,0.9474288236227248,0.6658979215346384,0.7413657529769675,0.6025604277324735,0.6865451241578656,0.7284076333200351,0.7526046446151712,0.7134258328281942,0.6549808049745037,0.6176457956957926,0.7764172224666493,0.7157915572431404,0.7747170000167278,0.5921295995694644,0.6080997391057187,0.5976382604603014,0.5852484708451464,0.6561747089152515,0.7059539384312411,0.7165942161460882,0.6475035323378266,0.7061411010475063,0.5788920472046709,0.5714111188427319,0.5600688451902306,0.7422391517951323,0.6349854234263997,0.666714259581102,0.6006610578422842,0.6637558457916325,0.6586505628877615,0.5811866674481868,0.6033222319116133,0.6113922577133759,0.5935208342778341,0.7080241283105781,0.6204418169576605,0.5774585457851922,0.5725520446978132,0.6640467368701803,0.9637622773466912,0.8341592566177917,0.8373134150366836,0.8712677733133107,1.0,0.940746177824647,0.7877404162942756,0.8171552690809056,0.7913653648217851,0.8660553514449166,0.9436106356499899,0.8778849384371127,0.8179192655132353,0.830370387591212,0.883272138487997,0.8647692457441907,0.8558268685301217,0.8734195873628225,0.8041799721424763,0.8621529289264169,0.9343298890517562,0.9713324532545298,0.9906284026425755,1.1903449590756696,0.8379144323951242,0.7774017271657238,0.8573018406486874
1155720,0.11282629750722806,0.11877017280189824,0.1316181549182715,1.1532210964700094,0.8826160525709317,1.0413905542142798,0.91903425521909,0.947662971363716,0.8597771280532782,0.8055602393475337,0.8798462310775041,1.0441494661229018,1.2104652234522877,1.1588913113242532,1.2533130203254519,0.9051672274299501,0.8455393543187302,0.9588158197137493,1.00178016334215,0.8720698501719745,0.8322734739607887,0.9483400851360171,0.9790866260442965,1.0372090253457409,1.0015736389497412,0.8089926571492425,0.86155819157972,0.7504934437843235,0.7301257536301538,0.7645329136578953,0.7657690467792804,1.0128372365423601,0.9583838274661347,0.8997882727576824,1.0320357688210022,0.9451487650876413,0.8611711110382246,0.889725132966352,0.8162424268734653,0.8322044587102962,0.9167276974296691,0.8426849279570219,0.8610906838789293,0.9375914408935984,0.8197676844479649,0.8366840698144651,1.2537799930390587,1.2765592187149783,1.3265302966515615,1.0,1.2717725760175569,1.3106616528061523,1.296621010966008,1.1472029322192125,1.2515157455545758,1.2652917912858563,1.2323180597602446,1.3593245475083335,1.4622100995025809,1.408905870161755,1.3418470997617642,1.3898829259705252,1.1640323759726137,1.2040500271457302,1.4324353065697106,1.6490305608649887,1.148190812712148,1.1364336325736104,1.19376069089596,1.2240364858958557,1.214765417142395,1.1052780775753814
43391,1.8237625772144563,1.9090079968523601,2.1908669697293086,1.5791434714139816,1.100198207650716,1.3627593220597667,1.042423643246346,1.5008228092542717,1.254698584372817,1.029004820668668,1.2990310332397286,1.4900266030225224,0.8350328936685385,1.1506612866325332,1.2553787723552974,1.2553729342678377,1.6774523365003433,1.6096781320410032,1.409046322630955,1.0917961415594364,1.4102945197864056,1.4645338799335124,1.533171314420723,1.3860990198724956,1.310845694934527,1.2080157189599603,0.7038702995288962,1.2885406186116153,1.4930188268853364,1.5093667797426535,2.9907998270133906,3.0964654593958554,2.568010139830114,2.3411892527221934,2.8766843597550267,3.0266411685578816,1.205347601341003,1.03991867104364,1.2305714747567755,0.8159696200615336,1.0619729471763828,1.2904622091381137,1.2768527440169375,1.159472076064539,1.0900701083476625,1.4061308986208596,1.9958196622476247,0.9323861608048264,1.1405401056510995,1.0,1.1476511924166515,2.0291415740120677,1.821863365507025,1.964434457081665,1.7473772687213207,1.3835729363590474,1.7913189182318157,1.3211630157735732,1.596434862028293,1.5134694225576357,1.9823342753725075,2.038550263722364,2.27310330920003,2.0959783685613074,1.7768197218891115,1.8277755259765223,1.7021584396906653,1.7051087119945714,2.1487544516387214,0.8816576011420632,0.9141769013171307,1.5238059592657525
1127558,2.710683735267052,2.7973259298330877,2.7408089533775875,1.8447866063759608,1.6526233294505943,1.6696119571240975,1.0577178746512435,1.2249593189536867,1.1234711315703019,1.1618768958090757,1.151006334865129,1.1992146953892513,1.1872466352174438,1.0862578742299227,1.1445217685167821,0.9934974949756534,1.0075670120191689,1.0073887250976612,1.1263557368819428,1.072375642453574,1.0994220815862026,1.063217663844284,1.1844406143311317,1.219681176300993,1.1573593124259292,1.0138514412406188,1.081603791646895,1.024121566528063,1.0476575297299555,1.1375131459306924,0.8683831998211818,0.9396073161638524,0.9863790098035725,0.9622414668718596,0.8697656604000628,0.8716683933426949,1.0720095869131185,1.056815406889835,1.0396581041228141,0.9747695818987687,1.0402401667076095,1.0392820037264403,0.9823975055798023,1.102783943845325,1.0484609008684047,1.0031465085194184,1.019360990768089,1.0754580376757685,1.0683458821076774,1.0,1.0945644610655114,0.9127622742811224,0.9212783383106807,0.9117056631977017,0.9729910598709441,0.9936300702455152,0.9938884893342845,0.9445697302700347,0.9523783981538589,0.9112908313343628,0.9500476559483534,0.9749194693992388,0.9007210805191962,0.9540017006077764,0.8590502429132165,0.8962991115060799,1.4536759841592268,1.4493460370801738,1.5566205449693287,1.0518223519260357,0.97851086519143,0.9919226367255856
1146031,1.3122375960752586,1.4002195266360382,1.4644858966612142,1.3104318024088033,1.1013220034837168,1.2027899577331918,1.142954736276695,1.451122880279701,1.2861405470519074,1.2746737752905035,1.2523131905000506,1.3329203002316112,1.2419033780382898,1.13941919753385,1.2792342933684422,1.0931756057201836,1.0373907831391809,1.0847525604480448,1.2473227860021123,1.1442463093756374,1.2256541602914666,1.126381610080133,1.210595880489303,1.2915220009007553,1.2307091088163802,1.0279996552053614,1.1611360218784847,1.140675608121653,1.264795805846008,1.2450235082292915,0.6892397387574397,1.0390492323149603,1.1425641471410921,1.058545230392282,0.9760812145469333,1.0050694829205278,1.130906613856757,1.138082920421757,0.9375137056953866,1.109040848863683,1.012102465505453,1.0664820304205882,1.1376450836992291,1.167362717655448,1.0366054765993187,0.8886715800573884,1.132906550007567,1.1330276903438306,0.9501641649549407,1.0,1.1390604955138584,0.9535126373284184,1.0155441465468,0.957691907728371,1.001162367868725,0.9839235783818343,0.9408608089655226,0.9240821059383786,0.9391087051600736,0.9252326691151908,0.9123290368026997,0.9538829255994262,0.9128415533248747,0.9439222706093683,0.9155757642900213,0.9697573069209988,0.8630844379156667,0.9762167351113131,0.9342661754400409,1.090510899338978,1.0494175663185146,1.0744475813461902
1031996,0.22024580277668807,0.2422293211189658,0.20512007882049485,0.19269980317911317,0.1818309657106284,0.18916817631397656,0.9145047976494367,1.0162850467868647,1.013936124068965,0.9511175741462254,1.0340525696394045,0.9657257003014404,1.077564298312642,1.0738691774655835,0.8934333837702936,0.7836344512419162,0.8201102768391108,0.7806046945229285,1.0103836787874525,1.0412345750950331,0.9969745692520473,1.076894034977295,0.9567766262401203,0.9425615672875158,0.7802769753983736,0.8195436040580457,0.845353286009067,1.0791239598310705,1.0766543148357322,1.1457230819513529,1.0255440729929177,1.0329655351435836,1.0404845526732895,1.0536354901251344,1.0834720592275255,1.102169720962025,0.9568338795489139,0.9682554318279945,0.9475787150010593,0.9281812385355622,0.8401648992627426,0.9603371693773518,0.9953884996914328,0.9653462509720068,1.044469101442646,2.177222276167553,2.406219508592023,2.1342390577873673,0.7006980084226233,1.0,0.8918620023809388,1.1693889550761478,1.0176732216570639,1.0804221811697556,0.777022900509107,0.6444450774962345,0.6001331138667331,0.773052770429058,0.6972792090483401,0.8316843842504934,0.780173797735977,0.7418523938963028,0.8431351919392311,0.6988025432782075,0.6135852073816087,0.6621467390972521,0.5650988589006536,0.5402300433040851,0.526418344201332,1.1821592200460573,1.084468219354393,1.084670959526932
1127368,2.0205584152201075,2.307497356616038,2.085430935147421,1.6076270515633364,1.4728108110251652,1.5836575459324758,1.1045746076094007,1.185619916999215,1.1534957144300415,1.158963805114078,1.2310297096143337,1.1866356259605315,0.8555849005158572,0.7240052251427911,0.7647505536067388,1.1524636798382597,1.1624360428663754,1.1520621380744929,1.055483812503652,1.0962726534684446,1.029836190809242,1.0564791833457436,1.0749345446073726,1.1190368140869182,1.2005783982126608,1.2656004901746472,1.3083575709823831,1.4080890827110246,1.3830036296252401,1.481224292682492,0.9696210879839962,0.700754584716965,0.777207968963289,0.7109493781679209,0.8419490395537944,0.9304170970977571,1.1422414845589297,1.2306276786974573,0.9882391043003949,1.0757801998905763,1.1227476390350588,1.1202007679038875,1.1062244360379065,1.0896316619976172,1.18280617236688,1.1799936577582917,1.1576943102233108,0.9356199615793621,1.0016264972371542,1.0,1.0343501972679767,0.7589819595414491,0.6511627921240881,0.7674788695898704,0.9898030331337611,0.9221660261266861,0.8316904787195123,0.953427431427252,0.9183775896444684,0.9583692534515569,1.0165237558866673,0.9411986759961228,0.9580450993378808,0.7727718640297453,0.737596176360372,0.9646586466670466,0.9321951468971331,0.9051428380663845,1.1833022906293986,1.0713417420085132,0.8820301485437911,0.9040246566909649
1148603,1.3360392586513028,1.5416637602253487,1.5564702725263382,1.303252312688315,1.2903853348902907,1.2530680166488455,1.0351205524529892,1.14467845134305,0.9980881910826975,1.0274038658037667,1.0884622168965172,1.140154969881872,1.6563665842527886,1.696492022227212,1.617369884425083,0.9540583244513157,0.928623238424635,0.9614888576821015,0.9827409443161914,0.9420647287492124,0.9375108063803357,0.9332265850606462,0.9993459378659155,1.053969290783722,0.9692667179607246,0.9030719288366683,0.9703339851787682,1.0441771301079301,0.9655076199923865,0.9792624105530726,1.0519554427760998,0.8980511861522097,1.00261432021175,0.9111036191074582,0.9871209095488853,0.9837368324821535,0.9139349388720136,0.9484981568170896,0.9966176158657815,0.9695612373987514,1.1209012737706483,0.986243318915986,0.9755116306787025,1.0365568896604505,1.0457593349472585,0.9853515150935109,0.9322706607552019,0.8623173612620668,0.8398342873292376,1.0,0.9769200591446378,0.8380860462001158,0.8862364242371678,0.9076960017479571,0.7558887182441996,0.7631872759978615,0.7953439969627659,0.6570385886958345,0.6803001709578564,0.734875841146316,0.718688646922063,0.7226911510174311,0.7145947519207774,0.6688290107359747,0.6907092772512742,0.7422135190735426,1.0264883232222826,1.068571957096288,1.2842432824050236,0.9951943776856951,0.9525320035987919,0.9906442946398403
1148430,0.9403194862178338,1.1327660016907306,1.1123430398101675,1.0378114932399864,1.042677225501324,0.9868238113922913,0.9695524304907415,1.0804534940373505,1.025165863543027,0.9870268264179953,1.0574803096894805,1.0667242752822013,0.9701270818522317,0.9202646837086711,0.9203083626837943,0.8781792895805082,0.9136043706850573,0.903651390717973,1.0336553871927618,1.0199671167297115,1.0085541264406817,0.951837892298225,1.0858516882891345,1.0947259271985494,0.9167650688880072,0.9101625919528797,0.9197958972202438,1.1864665035530921,1.0200214129580172,1.0216745274413306,1.1041919156347348,0.9303009699420824,1.0067518774816888,0.9509825769735197,0.9052505872012018,0.9155721744390869,0.9837458394094533,0.9541710805784615,1.218321777813706,0.8564983180922794,1.0521950292284783,1.003207980112644,0.9636536064303795,1.0659349164196352,0.9778641793446584,1.0932391134439563,1.0253456546969657,1.0481862157894295,0.9716044016196158,1.0,1.1539499089781857,0.9059270817561335,0.9236305497646424,0.9708540279617479,1.002101546737979,0.9664935485270603,0.9539064249029993,0.8943037101306877,0.9369574451058997,0.9532737809965943,1.049584644282058,0.962454021739424,0.9571012291262223,0.8873845566765756,0.8862494426548639,0.9362268954617932,0.8165554439015432,0.8699304637064116,0.9406949700184224,0.8843938477269176,0.9551631132502432,1.023929320186631
1173314,0.6355603958406698,0.6602749911213915,0.5717144491706978,1.3775999539282708,1.369139964997963,1.451667801225323,1.8895891337127262,2.2153898057409327,1.8707289937808838,2.180086162629599,2.029744588599078,2.1832470889140745,2.651080711806661,2.4584233746632655,2.6685818036255475,1.5550340629906938,1.585858179442957,1.5539497139987395,2.169019502665549,2.1304084621483885,2.1533585427660262,1.8219804923376883,1.8661680198948407,1.96396781763212,2.3825251822908835,1.8410823846871067,2.0341326527386414,1.7899843960246051,2.0267330680206146,2.160175809816744,1.6814405642574275,1.949363839120143,2.1910150593347266,1.9209699698127194,1.7315488031669177,1.81154469557482,1.8893668050821109,1.8089228962313355,1.7734065801655796,1.8422785784510145,1.8692387090772808,1.7950131850336146,2.3977538290338143,2.8370184005096295,2.3485875631661677,1.2292923385822054,1.2202777993521592,1.2198186991591204,1.134858321726874,1.0,1.2366102591236057,1.2258787626866565,1.1288831249947902,1.1405961295341822,1.2153578478263725,1.0881025477374044,0.9857003588567007,0.9062229895121467,0.9402397123130262,0.9375177435693646,1.235363760474708,1.1862133314337195,1.2281257704523334,0.9912486123736185,0.9620223823219349,0.9373898179397119,0.8791614078339741,0.8509987047300724,0.8416781344607327,1.3634718515645292,1.3653897278868825,1.3003330339278605
1117437,1.4311852288587545,1.536233012887306,1.5982529977543365,1.2356726130055748,1.345433318981926,1.358372288719019,0.9366091690525102,1.0198647481467848,0.8681163262372537,0.9980033102720081,0.9243985118395381,1.1641105373114289,0.8866606910931951,1.0306136952061713,0.8529087662675628,0.9275457572980073,0.8902291152723432,1.2005676629758157,0.8443145832397357,0.8347076649098488,0.8797131265159859,0.8798959994480655,0.8706717565332605,1.0315979756938662,0.9805215162404055,0.8149176187531094,0.9368175845969697,0.9098490984777793,1.0824657040331498,1.0309491301999467,0.9005750725347536,0.923247558507651,1.1797257679737154,1.0989248465589458,0.9517166980554734,0.7861356878345888,0.9405291157677714,1.1631179755698737,0.8724354667491622,0.8501786420555526,0.9210386625302721,0.8964711083071234,0.7272009264492566,0.9318106499082107,0.8369167742705232,1.1607457504031717,1.0992762171902224,1.0153729917737901,0.8875440306815456,1.0,0.79063667533923,1.1439277631794789,0.96922389728455,0.8987846965950008,1.0023843633824416,1.0725554408975817,1.0633735363600316,0.8106834419582114,0.9674117376654874,0.8025544070825326,1.074227392575892,1.1465186936738927,1.1500412993492035,1.1008397352279071,0.9889209726434908,0.8837122156698426,1.2200444715710526,1.3085361983267765,1.174671891901689,0.9466057234716253,0.8834567909945696,0.8589433412432745
57046,0.3851956873206284,0.4225455997457087,0.3793128704711603,0.7169628852889445,0.6589427981225555,0.7109806528385891,1.115141674208722,0.9957295269403862,1.097009193121778,1.209860257947604,1.386937701411722,1.2868777728800644,0.9077168771420447,0.8696894000852872,0.9613691247184961,1.1382714775758966,1.0948850096479712,1.0243326296876962,1.308692993416335,1.3379906826815609,1.4199296591819692,1.26058073630842,1.42862612293407,1.359358107131241,1.2123535404377572,1.0616805088362042,1.1087077706176574,1.2771818982177479,1.2317528996355018,1.2384501226238367,1.38354391751201,1.4092088296871852,1.4141761524917251,1.506187800305878,1.4584838455564197,1.3416513507682277,1.20684909607186,1.2632780951824745,1.4573213011372428,1.1394223391095388,1.1591718731499125,1.1346220652529906,1.0421020139565393,1.1638618645794736,1.0401127254046483,0.9958894525708467,1.0857225152497831,1.0260871299679828,0.9151001466432362,1.0,1.1381723953407161,0.9725946439960153,0.9956266036792328,1.009863224896129,0.8586708331697523,0.8657464877956125,0.8596290032547271,1.0795723191444673,0.9858299122563464,1.0454230759106555,1.0960855523736304,1.0254622663131743,0.9519421569530324,0.913395550762147,0.9773335627161313,1.0451554901118476,0.722710516598536,0.8698708935495526,0.934658796593229,1.1222430892180413,1.1824658386123112,1.2195254111165803
1144228,0.8295129205994294,0.9623822211532836,0.9067550852782063,1.078431555027571,1.059840368157106,1.004553670437175,0.9215969548590317,0.921804364426231,0.9122606197901355,0.9102236319238737,0.9427141991152205,0.9081544395687855,0.9425198218881689,0.8583882667898745,0.9233769035317313,0.7745410791645706,0.7441589152272063,0.7790796801614798,0.8514491907550512,0.9012159662322521,0.8747504930912617,0.8709388108983509,0.942963133580375,0.9850199731596574,0.8658762227690205,0.8315939192828284,0.8795815559409655,1.0471493546610662,0.8757852980931029,0.9519433464799626,0.8647935214054896,0.7316597729015188,0.7700256279685472,0.7813926641470488,0.7658824528154313,0.7961135653286578,0.8442051681895054,0.8634623432880609,0.9165143318157248,0.775038274755017,0.8528111864231629,0.807184634221573,0.8164953164381209,0.8577583109858143,0.8707657574466902,0.9594192503037761,1.0236756209914892,0.9936110106684092,0.9967740174350687,1.0,1.00559993036225,0.8599476530281283,0.8928862031558384,0.8726110587952609,0.9791582957014924,0.9296483102161773,0.9707014309190372,0.9235884751993708,0.9302885691166015,0.9404327391373484,1.0448700000880426,0.9691350822336732,0.9499818455431507,0.8428128379040115,0.8099722286515918,1.000477510931472,0.8299716869465887,0.833739550103996,0.8970091651358518,0.9033817294014215,0.8680870977018633,0.881439000502054
1144212,1.239027003217551,1.2353669692042115,1.2182231460603814,1.072891691716997,0.98644783180444,0.9732269799736964,0.7459186086783232,0.8377537828376802,0.7281655718966964,0.8352579290593665,0.782625052523461,0.8102949740886939,0.8728010335200956,0.8170215988201626,0.8186638227848444,0.7158137086214234,0.7556959578625104,0.7259315918489635,0.7935769905683597,0.7318953712636408,0.7637344215410622,0.6769394104580295,0.7166321074986843,0.7798459950527891,0.7831562969821346,0.6661540838299226,0.7208691366741152,0.6398539287965206,0.7603105992151122,0.8278242708544566,0.5982186689108631,0.7252386814011034,0.7434020471902331,0.6968656865952646,0.6659911859956907,0.7382999568260439,0.765879907769152,0.6740108866389514,0.5625048133267848,0.678694498595373,0.7089260049504619,0.6498619750824739,0.7815966000614243,0.6823865012030231,0.6778256994768147,0.9023809422672725,0.8687535550163518,0.966618079405611,0.7623036695890223,1.0,0.9497244874122167,1.0533397103965476,0.8713931851150334,0.7757391290432186,1.1087884286287883,1.1523338969154389,1.0225422028379483,1.3009278118754037,0.8959659891099997,1.080581398141441,1.0863657456892937,1.3196422772410359,1.2695654708498325,1.0953156479848687,1.071787271083927,0.9815154324324183,1.107069935042268,1.0667978454213767,1.3032828949776145,0.8171274437984192,0.8478631982974982,0.8935084042497288
1112641,1.665445888726339,1.7817291339741954,1.7634223288105353,1.5420684851193427,1.3586979339755372,1.4670140069312154,1.0780502128281615,1.2663361192833626,1.1587274665798863,1.0994550323814607,1.1666304668083687,1.1490510810059098,1.2005091950974303,1.049728241167773,1.1321481514208118,1.1563604263485738,1.1235680499923604,1.1525146547256735,1.1518674087379792,1.0618404965661372,1.1053088374276134,1.100256874833485,1.2400810964444788,1.2132199502184886,1.1662084816206735,1.0273764750339696,1.0630932769100052,1.1965636474291754,1.1129458968805805,1.1518245658443254,1.2126036273388208,1.2992495386062481,1.3608708278402124,1.2743778754564805,1.220442306405756,1.2014793967565252,1.0487142355013668,1.0583645392175296,1.1107668064434733,1.0112432902979236,1.1039907566575593,1.015150084851626,0.9809769183949162,1.0633621980315073,1.0309102658959686,1.0975932412815812,1.1872008012567807,1.1502338863244117,1.0775561239260585,1.0,1.1628717278318697,1.138123737969422,1.1515537959014057,1.07684783323277,1.041881976536488,1.081899945976127,1.075889033472835,1.0928959889818906,1.1120103750769692,1.1270047807792567,1.2199566083276387,1.1106761776465508,1.1314149513970646,1.0481914629970097,1.0467830611173787,1.2015156200685075,1.2113307734282002,1.1654617556527747,1.3557507447640054,1.0347443094688378,0.9357511691411117,0.9502441383989462
1175666,0.7662634588137989,0.7868203858744263,0.7969695938561375,0.8054677476806767,0.7643027887071694,0.7879626249211459,0.5612671102044512,0.6501932851750584,0.5196849612433171,0.5343238930255826,0.5692988160720331,0.5805272856724044,0.5817127798028764,0.5453784185943955,0.5414471134153147,0.6013393235905221,0.6176914648681783,0.5757233558999703,0.5787105662786879,0.5568407358947083,0.5687148773766604,0.5682434880045012,0.5834945965827522,0.6320690417750161,0.5702215167436688,0.56901389821799,0.590434445577131,0.6087676580155404,0.5548970555928534,0.5584458623701956,0.8374071883639442,0.741643549112607,0.7769519437461289,0.72079367788323,0.8202302181221618,0.8357836797264228,0.561670335153259,0.5299992532817952,0.5815889139316847,0.5266826568862994,0.5872767119875596,0.5263639715511126,0.572097916509105,0.591092829924528,0.6259409646043386,0.9601972688293688,0.7746330812916457,0.8167656380095871,0.7520180916157841,1.0,0.8236883777335907,0.8413426488977935,0.8515096967809194,0.7817996365370256,0.8090206341233841,0.7506776121149972,0.7559284618773708,0.7586155273983058,0.7222068498086051,0.7874711129219829,0.8634160262524525,0.8103584087689948,0.8249517420654218,0.8159455279713695,0.7856878025560646,0.7649911402507235,0.8054055151709735,0.8678059279024206,0.9506392249161082,0.7591615031232206,0.6960255465920969,0.8115834449620428
1141976,1.1073159566994857,1.2594636596789426,1.2061178378369544,0.9894791876516952,0.9609308591212248,0.9353870210512814,0.9659546120328527,1.068344524514153,0.9815825217263744,1.0548349466634896,0.9577109407712298,1.0709773012875585,1.0275420396315715,0.9302946623234908,0.9375083605901636,0.7512637862198195,0.8045616347818123,0.8093367497908862,1.0038748257644343,0.9107815214171261,0.9198097508309266,0.8507751191216945,0.9897546623505382,1.0686290534360456,0.9355810450081986,0.8280649467320815,0.919840071166857,0.9541085573706994,0.9794151290219985,1.0307822422443957,0.8785413495585926,0.9935104568640276,1.079164049330964,0.9416897197049577,0.9398732196507665,1.0023257775857661,0.9127710382287841,0.9053957617048115,0.8045441991675043,0.8821979923395968,0.8119948694821467,0.931041792397661,0.8806808733985053,0.8780448811596628,0.8589919968516021,0.916375343700135,0.8956603185180402,0.9445181909851024,0.8145723409584867,1.0,0.8926497203509083,1.065505548801673,0.9634567458602514,1.0013696830043048,0.9953483178887411,0.9716230765695789,0.8977255165164767,0.9153474248094934,0.8935425680147697,0.9432777232682685,0.9531718313904017,1.0040891645963712,1.0393677116756974,0.9826249865442847,0.9666889689134375,0.9503542976231504,0.9320074318536267,0.9214683711798923,0.9695544051374679,0.9737203903474017,0.9273546801791274,0.9034852982434786
1115106,0.7548598838677097,0.9327548806941429,0.7684609142548011,0.5425011125945703,0.532128076671749,0.582206930449742,0.9600909842845325,0.6369501466275655,0.8377183285430022,0.6697012138188606,0.6164412964155395,0.6846965699208443,0.6474854932301736,0.6202285436421102,0.6538637402834931,0.6230919765166341,0.738871139510117,0.40939442781487445,0.7783806343906509,0.6203913491246135,0.6123212321232119,0.6039921143420405,0.625394819962097,0.5599905526688708,0.5045911674682988,0.46996303142329,0.5149638802889575,0.6479256404443438,0.6614813094961687,0.6745948771562987,0.6922164214523017,0.6142439901145806,0.5159398112726343,0.5519750519750517,0.5592136428233063,0.6705908988000903,0.5079774753636787,0.5392221489782464,0.6189485627836608,0.556468654613759,0.5534667475237516,0.7893354877802461,0.6446215188210096,0.9508716992746431,0.7389277913915203,0.7478368355995054,0.7329817833173532,0.6552929085303182,0.5581395348837209,1.0,0.9915527950310552,0.8203271654599086,0.7614278376990239,0.5942585895117537,0.6849220898258477,1.0464973371569024,0.9576415495955725,0.7463093289613424,0.8535923548459068,0.8336145455038657,0.7467147096227215,0.8075280298985581,0.7485380116959063,0.9341317365269459,0.59197111299915,0.9186135580237453,0.8382702702702699,0.7124553665196383,0.7859624739402359,0.8611685625646323,0.6889993516317262,0.7000232180171809
1126514,1.021738551253762,1.116489531162886,1.103804906318882,0.9597279904055219,0.8166296816054317,0.8899406122082425,1.5810931639362056,1.881502441681498,1.6923506976619727,1.74538540263075,1.787777090618012,1.776500167468665,1.0903875012422102,0.9985253676623391,1.1072118574873198,1.2720828400743687,1.4077461662491906,1.4066040911515079,1.8406025431154147,1.616547257063924,1.6599234437482622,1.6173755384931443,1.8473862167310382,1.6983408733741772,1.5207115425687023,1.6223506825125629,1.4993241413395932,1.6852639440691013,1.6439318644324876,1.806498816402198,1.201648697884632,1.101012076301925,1.1825712606381853,1.128497396564603,1.1923986783011997,1.082546631368991,1.8547033193006985,1.7123856195657265,1.6256798004286417,1.6435324535956057,1.4788634899729363,1.6828178644280152,1.800605016533672,1.552887330249205,1.5926160309473922,1.052309065210775,0.9632343379435964,1.1225473627361116,0.9331666373925794,1.0,1.2397879826435787,1.052338017302944,0.8543308731621997,0.9778971943552465,1.0524063527303076,0.981168536422862,0.9117873979957942,1.0,1.0,1.0,1.0,1.0,1.0,1.0,1.0,1.0,0.353284717178082,0.3888981887120106,0.3680824366573257,1.396668080019348,1.4634299573330252,1.2501084426828384
1187160,2.961057813683413,3.469360086767898,3.8646875845279993,3.606364040943483,2.3689283380527097,3.249324158269845,2.3812034739454098,2.751612903225806,1.3672894096838382,2.0409080298786177,2.0597231165486147,2.34443711521548,2.2170575435203084,1.814672988086554,2.778978052126202,1.8362035225048927,1.6351437699680524,1.5712641031545032,2.1360601001669455,1.8447991761071056,2.205225522552256,2.4173238048299646,2.15540113708149,2.065009447331127,2.5175994752951487,1.379621072088724,1.804592363261094,1.6920766266152791,0.9902484327838403,1.6163748039728174,1.2651281442809683,2.108065603235227,1.957918898240246,2.105899168399169,1.8688417811463756,1.4001018791034632,1.751231816048803,2.1086025049439687,1.4114504538577917,2.303240197229397,2.2846674752375193,1.6798121591597648,1.446498129308106,2.3359819519245204,1.9866359503228193,1.3179851668726825,1.4823226270373915,1.7095066803699885,1.249009474590871,1.0,1.2715527950310566,1.3724859211584888,1.5881484334874156,1.301480560578663,1.612568744271311,1.0920217124129454,1.225574712643678,0.9622156251572337,1.549778843947204,1.3883976712364625,1.265578635014837,1.8216764548852125,1.097426900584795,0.8938622754491024,0.7247238742565855,0.9800842589046352,1.2449189189189196,2.5530875866414617,2.2722955756312246,2.095010341261634,1.843527123406094,1.9804968655676793
