Transcript,SF ABF93_1-R1,SF ABF93_1-R2,SF ABF93_1-R3,SF ABF93_10-R1,SF ABF93_10-R2,SF ABF93_10-R3,SF ABF93_11-R1,SF ABF93_11-R2,SF ABF93_11-R3,SF ABF93_12-R1,SF ABF93_12-R2,SF ABF93_12-R3,SF ABF93_13-R1,SF ABF93_13-R2,SF ABF93_13-R3,SF ABF93_14-R1,SF ABF93_14-R2,SF ABF93_14-R3,SF ABF93_15-R1,SF ABF93_15-R2,SF ABF93_15-R3,SF ABF93_16-R1,SF ABF93_16-R2,SF ABF93_16-R3,SF ABF93_17-R1,SF ABF93_17-R2,SF ABF93_17-R3,SF ABF93_2-R1,SF ABF93_2-R2,SF ABF93_2-R3,SF ABF93_3-R1,SF ABF93_3-R2,SF ABF93_3-R3,SF ABF93_4-R1,SF ABF93_4-R2,SF ABF93_4-R3,SF ABF93_5-R1,SF ABF93_5-R2,SF ABF93_5-R3,SF ABF93_6-R1,SF ABF93_6-R2,SF ABF93_6-R3,SF ABF93_7-R1,SF ABF93_7-R2,SF ABF93_7-R3,SF ABF93_8-R1,SF ABF93_8-R2,SF ABF93_8-R3,SF ABF93_9-R1,SF ABF93_9-R2,SF ABF93_9-R3
PAND_Tribolium_castaneum,0.11057360055286801,0.11057360055286801,0.002539875604699378,1.2193326883206634,1.152150380096752,1.1594360746371803,0.7839668279198342,0.8074736696613684,1.0066167242570836,1.6446728403593645,1.7638125777470628,1.8289426399447135,1.038761575673808,0.8921332411886662,1.0825155494125778,1.5435256392536283,1.751189495507948,1.6522714581893574,1.1900970283344852,1.3494225293711126,1.3959353144436766,1.0331510711817555,1.255972356599862,0.9238999308914998,0.8107499654457498,0.9044533517622669,1.0383436074637182,0.5496525224602626,0.44104602626123013,0.505635383552177,0.7585304768486526,0.7282056668970285,0.6318485141672426,0.8195372494816863,0.8591546648237735,0.7893462335867313,1.2838192121630962,1.3990722874913617,1.212101174844506,0.800865791292329,0.9414070490670353,0.985135590877678,0.8712956461644783,0.7929387698686938,1.0,0.9622601243953006,0.9185835521769178,1.1210139599170699,0.9772660677263305,1.0304973047684867,0.9688492052522463
BAPAT_Bacillus_cereus,0.04602369115525908,0.04602369115525908,0.04602369115525908,0.8527909226553461,0.8278690938947733,0.6494490503931803,1.028852251985232,1.1413484205129432,1.3923376997543255,1.1608951423834935,1.4233940263089828,1.4518679635529184,1.55975163775305,1.0239686781167472,1.244729136770444,1.1259861726422293,1.1241990727146707,0.9396413097606123,1.0713845859294528,1.129414937633296,0.9858394307053499,1.061953871374829,1.5307300185843662,1.2369589569927015,0.8140693503387804,1.0270002586531441,1.0249351756310077,0.7750587492417595,0.580358745467817,0.7097962347097793,1.1879492487552892,0.8574287300130615,0.7197778528475317,0.7793453958359605,0.8189598277609382,0.7420155799399298,0.7295261308711273,0.7214001879607546,0.8824642372907877,0.6672662019501159,1.108507295215285,0.812976287673843,0.8872548433031388,0.7048270567757459,1.0,0.9055828578318975,0.8528668617457523,1.4638888914457606,0.9830181784375325,1.0861416222614755,0.9959140166992361
1141647,1.1140124485240954,0.9376929364056459,1.037295275219264,0.9424019993084154,0.9817154443431518,1.045223350413379,0.8775030649775235,0.9128210367482946,1.0388560560812299,1.046123982270284,0.842007481688724,1.093846468202823,0.9465389330734651,1.018520323158656,1.016406274559115,1.0601914432114679,1.0279258746974318,1.1200669579705134,0.9361588758605515,0.9531388513407312,0.9267879035553739,0.9356936279903177,0.9646238722454498,0.9306324856181825,1.2174295055169597,0.9473279683128478,1.1150781176322657,1.1954386847316967,1.041671120052812,1.2233865643959638,0.9994624500958789,0.9992644053943605,0.959290811354563,0.947345257929647,0.9494011505454089,1.0321193926629155,1.2198421929521235,1.0675096664675743,1.1141633397252524,1.114993241331615,1.1078306246267016,1.147873377133696,0.9863569205620698,0.9265317028700765,1.0,1.0429379774291914,1.1246597089057246,1.0905850177611518,1.0007403099556758,0.9723539027380466,1.01528087768382
1144933,1.1140124485240954,0.9376929364056459,1.037295275219264,0.9424019993084154,0.9817154443431518,1.045223350413379,0.8775030649775235,0.9128210367482946,1.0388560560812299,1.046123982270284,0.842007481688724,1.093846468202823,0.9465389330734651,1.018520323158656,1.016406274559115,1.0601914432114679,1.0279258746974318,1.1200669579705134,0.9361588758605515,0.9531388513407312,0.9267879035553739,0.9356936279903177,0.9646238722454498,0.9306324856181825,1.2174295055169597,0.9473279683128478,1.1150781176322657,1.1954386847316967,1.041671120052812,1.2233865643959638,0.9994624500958789,0.9992644053943605,0.959290811354563,0.947345257929647,0.9494011505454089,1.0321193926629155,1.2198421929521235,1.0675096664675743,1.1141633397252524,1.114993241331615,1.1078306246267016,1.147873377133696,0.9863569205620698,0.9265317028700765,1.0,1.0429379774291914,1.1246597089057246,1.0905850177611518,1.0007403099556758,0.9723539027380466,1.01528087768382
1147182,1.1140124485240954,0.9376929364056459,1.037295275219264,0.9424019993084154,0.9817154443431518,1.045223350413379,0.8775030649775235,0.9128210367482946,1.0388560560812299,1.046123982270284,0.842007481688724,1.093846468202823,0.9465389330734651,1.018520323158656,1.016406274559115,1.0601914432114679,1.0279258746974318,1.1200669579705134,0.9361588758605515,0.9531388513407312,0.9267879035553739,0.9356936279903177,0.9646238722454498,0.9306324856181825,1.2174295055169597,0.9473279683128478,1.1150781176322657,1.1954386847316967,1.041671120052812,1.2233865643959638,0.9994624500958789,0.9992644053943605,0.959290811354563,0.947345257929647,0.9494011505454089,1.0321193926629155,1.2198421929521235,1.0675096664675743,1.1141633397252524,1.114993241331615,1.1078306246267016,1.147873377133696,0.9863569205620698,0.9265317028700765,1.0,1.0429379774291914,1.1246597089057246,1.0905850177611518,1.0007403099556758,0.9723539027380466,1.01528087768382
1099332,5.613885839736553,4.368825466520308,3.3858397365532378,1.4475850713501646,1.5666849615806804,1.3353457738748629,1.518111964873765,1.0186608122941823,1.4599341383095499,2.277716794731065,1.0096048298572995,1.4780461031833152,0.8946212952799121,1.439901207464325,1.6023600439077936,1.0008232711306255,1.1827661909989022,1.7554884742041712,1.326564215148189,1.3444017563117452,1.2716794731064764,1.2980241492864983,1.7653677277716795,1.3024149286498354,1.5740944017563119,1.6432491767288693,1.6394072447859493,1.4547200878155873,1.7283205268935233,1.7790889132821075,1.4201427003293083,1.2063666300768385,1.524423710208562,1.3090010976948407,1.0085071350164654,1.5691547749725574,1.5384193194291989,1.1953896816684961,1.4237102085620197,3.253293084522503,2.8490669593852913,4.199780461031834,1.2115806805708014,1.3998353457738748,1.0,1.767014270032931,1.9665203073545554,2.179198682766191,1.1341931942919867,1.2766190998902305,1.6501097694840834
1177415,5.613885839736553,4.368825466520308,3.3858397365532378,1.4475850713501646,1.5666849615806804,1.3353457738748629,1.518111964873765,1.0186608122941823,1.4599341383095499,2.277716794731065,1.0096048298572995,1.4780461031833152,0.8946212952799121,1.439901207464325,1.6023600439077936,1.0008232711306255,1.1827661909989022,1.7554884742041712,1.326564215148189,1.3444017563117452,1.2716794731064764,1.2980241492864983,1.7653677277716795,1.3024149286498354,1.5740944017563119,1.6432491767288693,1.6394072447859493,1.4547200878155873,1.7283205268935233,1.7790889132821075,1.4201427003293083,1.2063666300768385,1.524423710208562,1.3090010976948407,1.0085071350164654,1.5691547749725574,1.5384193194291989,1.1953896816684961,1.4237102085620197,3.253293084522503,2.8490669593852913,4.199780461031834,1.2115806805708014,1.3998353457738748,1.0,1.767014270032931,1.9665203073545554,2.179198682766191,1.1341931942919867,1.2766190998902305,1.6501097694840834
43391,1.0263691683569982,1.419371196754564,0.9300202839756594,2.01369168356998,2.3270791075050714,2.382860040567951,0.5750507099391482,0.353448275862069,0.5101419878296146,3.7266734279918867,2.488336713995943,3.1698782961460448,1.1759634888438135,2.1784989858012174,1.637423935091278,2.0557809330628807,2.1942190669371198,2.045131845841785,1.9482758620689655,2.3387423935091283,2.6739350912778903,2.283975659229209,2.3549695740365113,2.207910750507099,1.009634888438134,0.783975659229209,1.412271805273834,0.6764705882352943,0.8514198782961461,0.45892494929006095,0.6790060851926979,0.686105476673428,1.0537525354969575,1.6749492900608522,1.8133874239350916,2.4137931034482762,2.5588235294117654,1.9447261663286006,2.2434077079107504,2.2216024340770795,1.5507099391480732,1.8656186612576064,1.004056795131846,0.9127789046653144,1.0,1.8128803245436105,1.579107505070994,1.2342799188640976,1.9056795131845845,1.9371196754563895,1.6749492900608522
1000708,2.063593683311993,2.2974818608621423,2.559965855740504,0.6790439607341017,0.7575757575757576,0.62569355527102,0.7319675629534784,0.755868544600939,1.0738369611609049,0.8143405889884763,0.9402475458813487,0.9376867264191208,1.0755441741357235,0.9568928723858301,1.0405463081519422,0.917626973965002,0.8083653435766113,1.0042680324370465,0.7733674775928296,0.8711054204011951,0.6820315834400342,0.7208706786171576,0.7306871532223645,0.9125053350405463,1.0968843363209562,1.0580452411438328,0.9419547588561673,1.1933418693982076,1.1540759709773794,0.720443875373453,0.8766538625693555,0.9423815620998721,1.227059325650875,0.8689714041826718,0.9014084507042254,0.873666239863423,0.7985488689714042,0.6470337174562527,0.8433632095603927,0.7580025608194622,0.5966709346991038,0.6325224071702944,0.9816474605207,1.1848058045241145,1.0,1.0985915492957747,0.9876227059325652,0.9483568075117371,0.7737942808365343,0.8420827998292788,0.7528809218950064
1141976,2.3785263484618566,2.374189543385295,2.168635329010898,1.1062905228307354,0.938112153400469,1.1308283901227756,1.031650917367913,1.1713425989791697,0.7893243895709753,0.6291385018623259,1.038893295626983,1.32309628914333,1.3456942336874052,1.2262639674437854,1.187836253276314,0.9778762587943164,1.0508432197544488,1.0931162919023312,1.1004707545868395,1.1509259897916952,0.9799196440888398,1.0318664643399091,1.0237877638294937,1.2425679404055732,1.5297713477721067,1.2648727410677334,1.2794954476479514,1.5017071320182094,1.4519761346392606,1.3201820940819422,1.2557939026072562,1.327855566285005,1.3866309146089117,1.1464512346530558,1.102574493033522,1.2087270658021796,0.9903952269278522,0.9900503517726584,1.0177696923713615,1.0022503103876397,0.9071682301007036,0.8341409159884122,1.1504862739688233,1.3751379500620775,1.0,1.563336322251345,1.3604979997241,1.24274899986205,1.1425110360049662,0.9629172989377845,1.0050437991447096
1004906,0.3812632857576678,0.2661473054731482,0.3071900768529982,1.0651965708145485,1.0937069307855827,1.1514401177322526,0.9803779579060478,0.635030017052489,0.8725151253241141,1.3019341727206897,0.9702866219720152,1.0363591768086151,0.6830923403957112,1.2299983648298256,1.1217500992781892,0.9396505407741365,1.1385923520754981,1.1578873601345512,0.9090378191501788,0.8719428157630406,0.9677404284145859,0.9676586699058609,1.105620313485482,0.8855964867200824,1.1008199210446403,0.8966922843327338,1.1283141395500946,0.980039244084188,1.0796211077109954,1.2241351117755612,0.9751337335606998,0.9699011890023126,1.079632787497956,1.0286388376276019,0.9646452848700041,1.0713167791819478,1.185661893527062,0.929220491018244,1.1111448527178864,1.282101894461445,1.1900067742764373,1.2207012544091196,0.8481861290850055,0.8844635473848959,1.0,0.9926767735756501,1.038251302296246,0.7834684295358453,0.9893713938657759,1.1250437992011026,1.026886869583499
1182700,1.7807224185316057,1.1737338044758538,1.489006674519042,1.0351393796623478,0.9136238712210444,0.864742834707499,0.6811935610522183,0.7387122104436593,0.9267765999214763,1.1770710639968591,1.031213191990577,1.215155084413035,0.8578720062819003,1.0961915979583825,1.0160973694542599,0.8349038084020416,0.9619159795838241,0.8979191205339615,0.8138987043580684,0.9575971731448765,0.7508833922261484,1.0060855908912445,1.0418138987043581,0.7938751472320377,0.9218688653317629,0.8765213977228112,0.9238319591676483,0.8808402041617589,0.8802512760109933,0.8545347467608951,0.9397330192383195,0.9952885747938752,1.1395759717314486,0.9387514723203769,1.0276796230859835,0.9210836277974087,0.9756576364350217,1.1252453867294858,0.795838241067923,0.9905771495877504,0.9279544562230074,0.8941892422457793,0.8741656851197488,0.9487632508833922,1.0,1.1170003926187673,1.402041617589321,1.1641146446800157,0.9224577934825284,0.8235178641539066,0.9791912053396152
1162479,1.6394289185905226,1.420109356014581,1.2493924665856624,0.8766707168894291,0.9173754556500608,0.9583839611178616,1.0100243013365737,1.1734507897934388,1.0109356014580804,0.9641555285540705,0.850243013365735,0.9252733900364521,1.0042527339003646,1.1060145808019444,1.0880923450789795,0.9286148238153099,0.8897326852976913,0.8241190765492103,0.839307411907655,0.7727825030376672,0.8226002430133658,0.8469015795868774,0.9790400972053465,1.0425273390036451,1.2138517618469018,1.0513365735115432,1.3617861482381532,0.9638517618469017,0.9480558930741192,1.086269744835966,1.0182260024301337,0.9760024301336574,0.9577764277035238,1.0340218712029163,1.0598420413122722,1.160996354799514,0.882442284325638,0.8991494532199272,0.9835965978128798,1.05498177399757,1.1950182260024302,1.083839611178615,0.9781287970838397,1.0100243013365737,1.0,1.0607533414337789,1.166464155528554,1.1883353584447145,1.0252126366950183,1.0935601458080195,1.0713851761846902
1142568,0.7443757095526053,1.0339890178633488,1.0185815898612172,1.0852853270313476,1.001946201431848,1.0116308704617594,0.74854614119228,0.8500266444243646,0.46667130047959965,0.4859247932160979,1.5291814369453902,1.2611848659669607,1.566645814508468,1.1064155140056995,1.0894789277356873,1.3164430851926505,1.1451541901253446,1.0601005537406454,1.525451217534348,1.6424781631565533,1.1459882764532794,1.0414726257500984,1.0779639025972523,1.562846087903431,1.1189036398600587,1.4987604550404299,1.0973795787864042,0.944579597321656,0.9898056115474618,0.7707884432705452,0.7964829359838742,0.8841083385463727,1.048284330761567,1.1786566576307311,1.2902157039920297,1.2681355853664185,1.0897337874470006,1.0104492481638516,1.4634971386205138,1.3531660526864528,0.7773452885707003,0.7738699288709713,1.5057575125692175,2.117606172238826,1.0,1.771135979240518,1.428141145941938,1.5182919765529066,1.2615787400662635,0.9024118996316117,0.8546836264220012
1117437,1.5914817036592686,1.748050389922016,1.2231553689262151,0.480503899220156,1.032393521295741,1.368926214757049,0.9886022795440914,1.5878824235152973,1.292141571685663,1.2633473305338934,0.975404919016197,1.3839232153569287,1.2939412117576485,1.318536292741452,1.4943011397720458,1.1271745650869829,0.7858428314337134,0.7330533893221357,0.7186562687462508,0.7852429514097182,1.0809838032393522,1.3293341331733655,1.2249550089982004,1.1469706058788243,0.7792441511697662,1.3821235752849432,1.1439712057588485,1.3797240551889625,0.8992201559688063,1.059388122375525,1.1277744451109781,1.796040791841632,1.4205158968206362,1.139772045590882,1.0197960407918418,1.0707858428314339,0.8470305938812238,0.8326334733053392,1.3821235752849432,0.898020395920816,0.934013197360528,1.0761847630473909,1.16376724655069,0.7624475104979005,1.0,1.0221955608878226,0.8068386322735455,1.345530893821236,1.256148770245951,0.7492501499700062,1.333533293341332
1101910,1.892202365075131,2.0650128923268425,2.3460300524584334,0.8890548590735308,0.8805548146172313,1.0588601404819062,0.7852049435404997,0.6121988085711745,0.5787498888592513,0.6365786431937406,1.003716546634658,1.018387125455677,0.9176135858451143,0.9924957766515515,0.8419311816484396,1.3080643727216146,1.0322930559260248,0.9471859162443317,0.9811149639903975,1.3300613496932516,0.8945852227260603,0.9584066862274384,0.9566639992886992,1.1598648528496487,1.1087045434338045,0.8610296078954388,0.967973681870721,1.4508402240597493,1.5599004178892149,1.0520672179247799,0.8144216235440561,0.8309238019027295,1.221356806259447,0.8429447852760736,0.9194807504223349,0.9613585845114252,0.9310749533208855,0.8060816217658041,0.913203520938917,0.9204765715301859,0.5373166177647373,0.5361607539788388,0.9844402951898283,1.4719480750422334,1.0,1.2431937405530364,1.1825375655730417,1.0762336623099493,0.8166622210367208,0.6787409975993599,0.5812038765893127
1005336,1.4960761873620536,1.588387966974577,2.012772827597482,1.2093517534537728,0.9158015204773972,1.2058162347747896,1.3190345785988722,1.520129976293632,0.6375991171421564,0.4968936483282924,1.6182048557181394,1.1209024769067277,1.1116038584157608,1.0879996730156134,1.2439916618981446,1.1596296901822938,1.1909997547617102,1.095724679146571,1.4328455816234775,1.2079007602386986,1.0062127033434154,1.1319381999509526,1.225578353633614,1.3634227090656421,1.0620044142892178,1.4746995830949072,1.0421196762854574,1.390971143627892,1.4942369001880162,1.626481648001308,1.3106147306466118,1.6531921850731628,1.2778958554729012,1.2713561677429903,1.2534333360582033,1.1413594375868552,1.1828251450993217,1.033086732608518,1.2810430801929207,1.17121719937873,1.1605084607210008,0.987799395078885,1.1902027303196272,1.0644772337120902,1.0,1.5358660998937301,1.2774871249897817,1.579968119022317,1.2634063598463174,1.079927245974005,1.3129649309245486
1102128,1.152927799886299,0.6996020466173962,1.0610574189880615,1.3574758385446277,1.2992609437180218,1.3955656623081298,0.821148379761228,0.36304718590108015,0.6562819783968165,1.2352472996020467,1.2791358726549176,1.4644684479818078,0.9899943149516772,1.8030699260943719,1.2676520750426379,1.3034678794769756,1.9246162592382035,1.8368391131324615,1.7105173393973852,1.4241046048891415,1.7549744172825468,1.4907333712336555,1.4444570778851622,1.5566799317794202,1.3977259806708358,1.451279135872655,1.72802728823195,0.8690164866401364,1.124388857305287,1.34712905059693,0.9653212052302445,0.9611142694712904,1.0845935190449119,1.4891415577032405,1.3605457646389993,1.8076179647527002,2.2326321773735076,1.4418419556566229,1.6560545764638999,8.093462194428653,5.72984650369528,9.739965889710062,1.4724275156338829,1.541330301307561,1.0,1.2170551449687323,1.3604320636725413,0.8362706083001706,1.518931210915293,1.217964752700398,1.0488914155770324
1103567,6.626959247648903,3.0689655172413794,4.056426332288401,0.6112852664576803,0.4984326018808778,0.74294670846395,1.219435736677116,2.3667711598746086,1.4937304075235112,0.28996865203761757,0.5830721003134797,0.797805642633229,2.528213166144201,1.1661442006269593,1.1833855799373043,0.5297805642633229,0.6050156739811913,0.4012539184952979,0.5407523510971787,0.4498432601880878,0.7163009404388716,0.7476489028213167,0.5329153605015674,0.7836990595611286,2.758620689655173,0.8479623824451411,1.1112852664576804,1.0485893416927903,0.7037617554858935,0.7554858934169281,1.3573667711598747,1.6081504702194358,0.9827586206896554,0.8918495297805643,0.5768025078369906,1.1692789968652038,0.3369905956112853,0.5485893416927901,0.6551724137931034,0.4608150470219436,0.816614420062696,0.7115987460815048,0.8463949843260189,0.7445141065830722,1.0,0.9529780564263323,1.0031347962382446,1.1661442006269593,0.8934169278996866,1.0203761755485894,1.3275862068965518
1133804,1.068276721720162,1.233530694920536,1.3621377376129635,0.9343409161732628,0.9225148021190401,1.0595668432533498,0.9957775007790587,1.0920224368962292,1.274555936428794,0.9760361483328138,1.086600186974135,1.0234808351511373,1.1354783421626675,0.8977251480211904,1.0346837020878779,1.0569492053599252,0.9023371766905577,1.0202087877843564,0.9127298223745713,1.0429261452165783,0.8842630102835775,1.1645839825490807,1.0510127765659083,1.0647086319725771,1.0354783421626674,1.1966967902773449,1.1471798067933936,1.2054222499220941,1.2108600810221253,1.3498130258647554,1.25,1.2408694297288874,1.0260828918666252,1.0323309442193829,1.130835151137426,1.0857432221875973,0.9462916796509816,1.0047366780928637,1.1588345278903083,1.3059208476160797,1.3020255531318166,1.4522748519788096,1.1131193518229978,0.9040511062636334,1.0,1.1373480835151137,1.206029915861639,1.4801963228420068,1.1035680897475848,1.071533187909006,1.1555780617014646
1173314,0.809543937708565,0.5718798665183538,0.6058398220244716,0.8744827586206897,1.051412680756396,0.8787430478309232,0.9701001112347053,0.8334260289210234,0.905194660734149,1.3079755283648498,0.9343381535038933,1.156440489432703,0.8373859844271413,0.9517686318131257,0.8866852057842046,1.087119021134594,0.8645494994438264,0.9639710789766407,0.8704449388209121,0.9434371523915461,0.8552725250278086,0.9000333704115684,0.8207230255839821,0.7798442714126808,0.7845939933259177,0.813837597330367,0.8314015572858732,0.6195216907675194,0.603448275862069,0.5349388209121246,0.730111234705228,0.8266740823136819,0.8451056729699666,0.8173192436040044,0.8147274749721913,0.9247497219132369,0.853159065628476,0.9356062291434928,0.847741935483871,0.5687096774193549,0.6549944382647385,0.6459399332591769,0.8360511679644049,0.9032925472747497,1.0,0.7787764182424916,0.8770522803114572,0.7587096774193548,0.8248164627363738,0.7419911012235818,0.8685094549499444
1183763,1.0533389902418329,0.883529910903691,1.0502503182011032,0.9023165040305472,1.0293423843869325,1.1249215103945693,1.0279677556215527,0.7487144675434875,0.8206194314806957,1.225473058973271,1.0660500636402206,1.0701909206618583,0.6669664828171403,1.146728892660161,1.1043529910903689,1.2784047518031394,1.3475434874840897,1.2540008485362748,1.310021213406873,1.1735256682223163,1.4219431480695799,1.247382265591854,1.1679253288078064,1.2009333899024182,0.9904963937208315,1.2539499363597792,1.2163428086550698,1.2787271955876112,1.2869410267288925,1.7012982605006362,1.0042426813746286,1.0968349596945268,1.1902078913873568,1.0448536274925753,1.067254985150615,1.1442341960118794,1.2606703436571913,1.177106491302503,1.3662112855324564,2.9266525243954176,2.662028001697072,3.1788714467543486,0.8627916843445056,0.8837675010606703,1.0,0.6220789138735681,0.7266016122189223,0.5224777259227831,0.9930250318201103,0.9550954603309291,1.025439117522274
1184650,3.486277475297439,2.1531256301673727,2.9364992942125427,1.0557370437588223,1.0662734422262552,1.2074410163339384,1.2054143980641259,0.9937285743093365,1.0383040935672514,1.3237447065940713,0.9331014317402702,1.076386368219399,0.8326477112321033,1.292760637225247,1.2241580963904013,0.9305605968945351,0.9249647106271426,1.0284129864892113,0.8023694293204275,0.9341601129259931,0.8273139745916515,0.9287457148618672,1.0089231699939505,0.8744605767291793,1.2792800967937084,1.0517947166767494,1.261746319822545,1.5307622504537206,1.624440411373261,1.5453518854607782,1.2306815890300464,1.1569973785037306,1.6763258721516434,1.0532365396249244,1.0126638435168382,1.0806513409961687,0.9745210727969348,0.9528735632183908,1.0429219600725952,0.8069973785037305,0.8499092558983665,0.9257410768300061,0.8987900786448881,0.9768804194394032,1.0,1.2373966525509175,1.3985380116959065,1.3038515829804396,0.9913692276668683,1.0030147207098206,1.239614841701956
1144118,1.106247011259401,1.393861670216928,1.6816843765719998,1.177570006396681,0.8934176287564976,1.2013060408269727,0.8221070543593691,0.8855739313505692,0.7056129324746461,0.5669477894187714,0.9367132237410026,1.0301140844982952,0.9833189459759907,1.0626967911017817,1.063296091814111,0.979853559473609,1.0835015308562237,1.0159792822054265,0.9436564174859179,1.1200868209736616,0.958114159022736,1.092276783773545,1.030909011868017,1.1847709304997482,1.4695536607026414,1.2148042801870562,1.3119903615056419,1.4213146111376775,1.1891150843678773,1.2838077021009682,1.2625930779215133,1.2738462684991396,1.1073431415778063,1.186547096341471,1.1070605697393507,1.2697070568435171,1.193123878251905,0.9407127020699163,1.1783400922860991,1.2279267921575445,0.9228982555070455,1.2128511187981692,1.1717850466709312,1.0531669782202322,1.0,1.2626582868073108,1.3653591767533426,1.4484570335546294,1.1513280876407423,0.9961619912930609,1.1332372796094918
1144212,1.9290674167179394,1.2603498286015646,1.5635932143798892,1.211127713808561,1.1075854794761357,1.0502768743957107,0.9403181858134831,1.386481497758636,1.0567812252790716,0.8758899534147842,1.084468664850136,1.5035598136591366,1.1881866924496791,0.7756877911575986,0.95956754856289,1.2043596730245232,1.1496000703173068,1.203217016788257,0.8938208666608068,1.2830271600597698,0.9188714072251033,1.1494242770501888,1.010811285927749,1.0585391579502503,1.1543464885294892,1.291904720049222,1.3182737101169024,1.2831150566933285,1.0280390261053,1.1524127625911926,1.5861826492045352,1.3288213061439746,1.5374000175793263,1.2059418124285837,1.2789839149160587,1.1691131229673901,0.9669508657818404,1.0648677155664936,0.8094400984442295,1.1025753713632767,0.9375054935395972,1.09158829216841,1.1154082798628813,1.2585039992968268,1.0,1.3376988661334273,1.5984002812692273,1.4437022062055023,1.0229410213588819,1.0479036652896194,0.8990067680407839
1180293,1.9290674167179394,1.2603498286015646,1.5635932143798892,1.211127713808561,1.1075854794761357,1.0502768743957107,0.9403181858134831,1.386481497758636,1.0567812252790716,0.8758899534147842,1.084468664850136,1.5035598136591366,1.1881866924496791,0.7756877911575986,0.95956754856289,1.2043596730245232,1.1496000703173068,1.203217016788257,0.8938208666608068,1.2830271600597698,0.9188714072251033,1.1494242770501888,1.010811285927749,1.0585391579502503,1.1543464885294892,1.291904720049222,1.3182737101169024,1.2831150566933285,1.0280390261053,1.1524127625911926,1.5861826492045352,1.3288213061439746,1.5374000175793263,1.2059418124285837,1.2789839149160587,1.1691131229673901,0.9669508657818404,1.0648677155664936,0.8094400984442295,1.1025753713632767,0.9375054935395972,1.09158829216841,1.1154082798628813,1.2585039992968268,1.0,1.3376988661334273,1.5984002812692273,1.4437022062055023,1.0229410213588819,1.0479036652896194,0.8990067680407839
1144228,0.6765946908723771,1.2256807856061112,0.8744630389850365,0.7936736229509759,1.0472144700873427,0.7609368600520056,0.7806151120593586,0.805198639857509,0.9547666898436978,1.1316137881111357,0.972492356342093,1.2678661574069665,0.9624532093838402,0.9673680099819981,0.7983788777871967,0.9819981140881426,0.9450323367209897,1.0301650649115623,1.0959148101229652,1.2623608187524407,0.8982179085427997,1.0549581384716495,0.9031898579851223,0.982226709464801,0.7427159035708503,0.968958652811247,0.860633018697197,0.820219261065445,0.8200287649182295,0.7429444989475088,0.9469087237710617,0.9266113592852584,0.8745201878292012,0.8644334168341445,0.9309832458638523,0.84572669517759,0.8919124860699693,1.0370515006333996,1.0819800169541571,0.7127984836506682,0.8899503757536504,0.7082361009248588,0.9056186838621189,0.8634809360980674,1.0,1.4852603606092067,1.2475116440769984,1.2147653563706675,0.8067416586499537,0.7564316261703606,0.7458495651925441
1145327,1.3603860495722744,1.2540657412339797,1.3022279321906431,1.189358568608404,1.009713909691975,1.201297276971767,1.130636417760787,1.0466267665214801,0.6582897251903613,0.8646006329708895,1.2451038761633189,1.2308776987434586,0.9288691129006987,1.149061510982985,1.2512769090966063,1.0632030833829473,1.0795913890890858,1.0637984520414878,1.0983298342368313,1.158493403941967,1.0382916053019144,0.9841443925672921,1.1096731739416539,1.046250744210823,1.0568420392943312,1.0506376711684893,1.0799047410146334,0.9615830539278662,0.8780434305768808,0.9102246733306176,1.0033842007959137,1.2204117444301694,1.1110519224140631,1.166421207658321,1.0819728637232475,1.1660138501551092,1.129759032369254,1.034844734120891,1.2541284116190894,1.0145081941528529,0.9204712812960235,0.9813555604299188,1.164227744179488,1.1468053771190423,1.0,1.336226616112556,1.4076081847522954,1.428634098956538,1.1245887255977187,1.0501989784727226,1.1938395011437344
1175666,2.397346848120179,1.6571295884989703,1.8984371845091468,1.4278762670112666,1.16189476234705,1.555647538666559,1.6126882849412427,1.673908654040302,0.7263053749545693,0.603541574122683,1.3128053951459837,1.5344061704963048,1.37709485926584,1.8128053951459837,1.6859225457335543,1.360901344748213,1.52705649557808,1.4259176997940475,1.5180107418325728,1.331583410733756,1.4940233412752897,0.9101885878124621,1.4091992084965472,1.5064612526753622,1.9153373985381412,1.5297823365504986,1.7659613132496061,1.7504543068287362,1.7348059605055928,1.8838791745749706,1.4739328837378347,1.6436619149537615,1.6629447159067963,1.659148729960021,1.4564673100997456,1.693676048943989,1.5565359609094211,1.194039494406978,1.4665024431611677,1.5898316036021483,1.2968743690182931,1.3097968743690183,1.5255825223115131,1.5163146630052902,1.0,1.5258652021160601,1.5479949925291765,1.3167427209950329,1.5713564592335338,1.4495416548883413,1.4215563542381777
1106171,0.32741776689470625,0.19056875268220028,0.3027541463660919,1.094312473177997,1.1177391260444802,1.2774846641254132,0.5586549869992173,0.5799106353974705,0.6689470628329083,1.2710726276727335,0.9937141847373336,1.102188675434832,0.7566455456542044,1.0948426021760531,0.9776588493676318,1.1022139196728347,1.1987226415570644,1.2432534773937847,1.134349834650241,1.1569686719006387,1.1165274026203518,1.0971650720722994,1.0551586600358467,0.9677883523085854,0.8673920177719435,0.8473480927978189,1.0410218867543484,0.6904299093731856,0.7276146719511272,0.7363239340620502,0.7266553909070254,0.7089591800671496,0.7359200262540074,1.0681594426072247,0.9832378259662231,1.137379143210562,1.2889203039406256,1.079292151566405,1.1745134173124985,1.1424784792871026,1.0348370484436926,1.1604776209830105,0.8974326609951278,0.9494610355186428,1.0,0.9514300860828515,1.197283719990912,1.0882538560573547,1.008330598540883,1.0059323959306288,0.933254234720925
1144775,1.2079438151051896,0.7492785729623287,1.3779125489025406,0.7090514871085835,0.7733802588234062,0.7867194578429987,0.5161123069429825,0.47474350715666097,0.568866822735819,0.567698922703872,0.7130946208514672,0.7205524219523308,0.7578519018963974,1.0185449955745494,0.7061762533976464,0.8564373288083754,0.8247888091085729,0.9353727067523476,0.9067408257000855,0.9275011652814221,0.7500693931633333,0.7421873772526593,0.7337816393545651,0.8803504747539816,1.1061793957295711,1.200742637778162,1.2787457905845263,0.5645199302402314,0.7052649771395354,0.560078767786908,0.7410823238592027,0.6011280971609031,0.8785226850178851,0.8479635070519167,0.9556669337648803,1.0961815429897195,0.8957950361630034,0.780555250051063,0.7379452291545557,1.2081480666802835,0.5670233213400998,0.7027877721390378,1.0421386711078293,1.4715959380122656,1.0,1.116449583902881,1.0961344080108517,0.8242022404826622,0.8723532400060752,0.8727198453972693,0.6100942175855371
1136340,2.0103785461252452,1.344921977925462,1.5660186784553678,0.9818924378604679,1.0006440846678573,1.0482185203618586,1.0738794390608075,1.0844775595046403,1.1227420440905231,0.9732558479960184,0.9503176508475569,0.830137307140557,0.8388763650203472,0.9985068946336036,1.0708200368884855,0.7445033228913548,1.0111982902479726,0.9380214890066458,0.8176362092689641,0.7045407969083937,0.7822701056884387,1.0238750475744358,1.0441490763240333,0.9099306145153263,1.3059255789442867,1.0948414673419797,1.2595807594343766,1.4123020171560734,1.5253974295166437,1.6153350704101648,1.2561846766402203,1.1994466727171589,1.1323740375325702,0.9559973065550254,0.8961120707322072,1.073264630968762,0.8252920338437217,0.8282343297127968,0.905861170477501,0.9622478554908218,1.1794800480135843,1.1807828556372046,0.8291565418508652,0.9054805749919489,1.0,1.1841496618555494,1.2395994964428962,1.1808267705009223,0.9637116842814065,1.1122610299499371,1.0280615979155079
1145456,1.1396969244921806,1.112888789438353,1.1838094527734266,0.9009783446458317,0.8832575022997937,0.8549638248676065,0.6235797220357524,0.565531687426966,0.8005022252057382,1.2092439273016582,0.9742982521568335,1.107555754456627,0.7912906193282117,0.867911041495736,0.9617550533303497,0.8954837025434474,0.8460692175729095,0.8830772482036746,1.0050533303498173,1.065258198453544,0.8100805549339897,1.122796549066408,1.021095944904403,0.8833134432261754,0.9170023122249572,1.0042080007956042,0.946725591109122,0.7782998930906739,0.7335036423758732,0.6602956167176351,0.7086285771114592,0.9374704756221874,0.9840133263717958,0.9727816314860397,0.9343750776957311,1.0709703886029687,0.8777069192710276,0.9049998756868302,0.8847243977026925,0.9243554362149126,0.703842520076577,0.8074575470525348,0.9877924467318067,1.0537157206434449,1.0,1.1082892021580766,1.1527435916561,1.0181372914646578,0.9361403247059993,0.7493038462494717,0.9369732229432385
1088723,4.936406430411227,2.241708855138112,4.548379074518163,1.2172128963495872,1.1137578825828227,0.9254285460520472,0.929940492050804,1.431814548361311,1.5234923172573054,0.9865174527045033,0.721893596234124,1.2266986410871303,1.2689048760991208,0.7512567723598899,1.0029487521094238,1.2246735944577671,0.9642597033484325,1.1618438582467363,0.7339195310418333,0.8155786481925572,0.994404476418865,0.8007638333777423,0.8791366906474821,0.9954880540012436,2.014068745003997,0.9336530775379697,0.958859579003464,1.1191935340616397,1.0965982769340086,1.1935340616395773,1.5447197797317704,1.2041211475264235,1.057447375432987,1.0285993427480238,0.7789857003286261,1.180317967847944,1.136584066080469,1.0813393729460876,0.8377298161470824,0.7873523403499423,0.813926636468603,0.8022915001332268,1.398649968913758,1.0910205169197975,1.0,1.0474820143884893,0.9932676081357137,1.1859490185629276,0.9728750333066881,1.043289812594369,0.952464694910738
1145051,1.4997353622229572,1.2781453302458925,1.2193626640202888,0.8384937699856655,0.935880471937369,0.84126144007057,0.7916308303010255,0.9157349211599954,1.0064725989635022,1.1585841878928218,0.9535891498511413,1.1662035505568418,0.989535781232771,0.8615723894585953,0.9263314588157459,0.9267945749255707,0.838482743411622,0.9100893152497519,0.8179622891167715,0.9121623111699194,0.7223508655860624,0.89801521667218,0.909670305436101,0.9105193516374462,1.0153710442165618,1.0202668430918511,0.9458043885764693,0.8248759510420112,0.7974528613959643,0.7751240489579887,0.8144778917190428,0.9000661594442606,0.9310839122284706,0.8869555629066048,0.9024809791597751,0.8598191641856874,0.8005072224059985,0.8170581100452088,0.8321534899106847,0.8037269820266842,0.8626971000110265,0.7457272025581652,0.8965156026022715,0.9437754989524755,1.0,0.9802403793141469,1.0619031866798985,0.9888852133642078,0.8353070900871099,0.8187451758738559,0.8544381960524864
1145607,0.19407237254258525,0.13358635708547087,0.19133091042259665,0.8320538128954674,0.7687013493342824,0.9165705697612099,0.8912909972029885,0.600267562588146,0.7631181276996715,0.8646813268882398,0.7454868744142888,0.7590002767179401,0.4784458327204048,0.7842788205849344,0.7207951988923053,0.6275700564442876,0.8631830381160961,0.7847124139371203,0.6706789053490915,0.7510243192892978,0.6953381770974242,0.6231862887803733,0.668928072880716,0.6058744441209781,0.7294012296974928,0.6370504747924358,0.7721541514377503,0.5058763986343094,0.5383511519798706,0.5194942130975024,0.49722201934145244,0.5879603007481672,0.6785813113550023,0.6415047078054005,0.65983084201463,0.7534684896446798,0.8505918574974617,0.722327948820554,0.8509344116760569,0.6632563838005819,0.6297987159876105,0.6467947524403128,0.8521107200941458,0.972083377481332,1.0,1.849013845155224,1.8412199660737634,1.9302439335506614,0.6519058048017249,0.6665924294497839,0.726322356855044
1176200,1.0834923664122138,1.641698473282443,1.5291030534351147,1.0305343511450382,1.1030534351145038,1.5854007633587788,1.2318702290076335,1.7919847328244276,1.0486641221374047,1.1579198473282444,1.3354007633587786,1.419847328244275,1.0629770992366414,1.0062022900763359,1.5152671755725193,1.3129770992366412,1.0386450381679388,0.9298664122137404,1.4928435114503817,1.1264312977099236,0.8597328244274808,1.278148854961832,1.2938931297709924,0.7767175572519085,0.8420801526717557,1.131679389312977,0.8487595419847329,1.1278625954198473,0.9031488549618322,1.0739503816793894,1.4575381679389314,1.6087786259541985,1.1927480916030535,1.3435114503816794,1.0749045801526718,1.0438931297709924,0.7681297709923665,1.0448473282442747,0.9270038167938933,0.9427480916030534,1.2366412213740459,1.0434160305343512,0.982824427480916,1.178912213740458,1.0,1.4556297709923665,1.2600190839694658,1.435591603053435,1.4360687022900762,1.2166030534351144,1.1984732824427482
1145793,0.9748507573847882,0.9617655315443318,1.31978309691317,1.1050570616678508,0.8890720604074525,1.0186667850677178,0.9308986639778171,1.1639591974700367,0.760457008960286,0.8144879918417858,1.2589430987464767,0.9686332699314801,1.0262062584503977,0.8927601576643674,1.123024898595229,1.0169666796525885,0.928343492907395,1.028785778124069,1.140106159910168,1.0371130004354103,1.0674184178564063,1.2780338359648924,1.1076838462772418,1.008530604762014,0.784079450924674,1.1423849027201687,0.8995376629924148,0.8219300708114673,0.9244878199692922,0.9734485642917707,1.0640468524417352,1.2287250498430233,0.9410047665971538,1.082560384536059,1.0477562045970163,1.0098439970667095,0.9519086440406077,1.137016751839036,1.1528218598895434,0.9565420400119165,1.0362092375736187,0.9613945734124711,1.0393416137681326,0.9834744597474621,1.0,1.2372313060017874,1.323515594564246,1.3843856704173065,1.1314982125260673,1.1707295414441874,1.1325423379242385
1145895,1.5489444813053106,1.5487295461129436,1.2440916184619983,0.7260230447906251,0.7758319393695857,0.7255090693306171,1.0130269416591127,0.9350708818884393,0.7025670737975311,0.8021755179470886,0.9530693679970844,1.0783859301554077,1.067498995411601,0.7081927688325281,0.9630404919212403,0.8125952022727061,0.7596463848835144,0.7403489426123036,0.7685802128792906,0.8681325869786652,0.6642805745311141,0.8195105084619051,0.7146034445700828,0.8903269818426487,0.8348363221785083,0.967825136203497,0.8311076638413591,0.8381724901643788,0.7402554925286657,0.5995944266370118,0.7366202842751545,0.8109691708174079,0.860497715145455,0.889971871524825,0.8192862282611743,0.7936809053444103,0.6877458905325721,0.7645151342410452,0.7038193049182779,0.6312646599818708,0.7030903942659028,0.5839602276444037,0.9446868954947714,0.999317814389444,1.0,0.9356596174153575,0.8387051556411144,0.8614322159818333,0.7899429019988973,0.7002308217065855,0.7258267996149856
1175466,1.5489444813053106,1.5487295461129436,1.2440916184619983,0.7260230447906251,0.7758319393695857,0.7255090693306171,1.0130269416591127,0.9350708818884393,0.7025670737975311,0.8021755179470886,0.9530693679970844,1.0783859301554077,1.067498995411601,0.7081927688325281,0.9630404919212403,0.8125952022727061,0.7596463848835144,0.7403489426123036,0.7685802128792906,0.8681325869786652,0.6642805745311141,0.8195105084619051,0.7146034445700828,0.8903269818426487,0.8348363221785083,0.967825136203497,0.8311076638413591,0.8381724901643788,0.7402554925286657,0.5995944266370118,0.7366202842751545,0.8109691708174079,0.860497715145455,0.889971871524825,0.8192862282611743,0.7936809053444103,0.6877458905325721,0.7645151342410452,0.7038193049182779,0.6312646599818708,0.7030903942659028,0.5839602276444037,0.9446868954947714,0.999317814389444,1.0,0.9356596174153575,0.8387051556411144,0.8614322159818333,0.7899429019988973,0.7002308217065855,0.7258267996149856
1184734,1.5489444813053106,1.5487295461129436,1.2440916184619983,0.7260230447906251,0.7758319393695857,0.7255090693306171,1.0130269416591127,0.9350708818884393,0.7025670737975311,0.8021755179470886,0.9530693679970844,1.0783859301554077,1.067498995411601,0.7081927688325281,0.9630404919212403,0.8125952022727061,0.7596463848835144,0.7403489426123036,0.7685802128792906,0.8681325869786652,0.6642805745311141,0.8195105084619051,0.7146034445700828,0.8903269818426487,0.8348363221785083,0.967825136203497,0.8311076638413591,0.8381724901643788,0.7402554925286657,0.5995944266370118,0.7366202842751545,0.8109691708174079,0.860497715145455,0.889971871524825,0.8192862282611743,0.7936809053444103,0.6877458905325721,0.7645151342410452,0.7038193049182779,0.6312646599818708,0.7030903942659028,0.5839602276444037,0.9446868954947714,0.999317814389444,1.0,0.9356596174153575,0.8387051556411144,0.8614322159818333,0.7899429019988973,0.7002308217065855,0.7258267996149856
1146031,1.8611838658983761,1.478981141959141,1.715819800942902,1.2747511786275536,1.071634363541121,1.1494892613933998,1.0311026715557885,0.8501833420639079,1.2051466736511263,1.2623101100052385,1.0988737558931378,1.2175222629649032,1.1009690937663699,1.2327134625458354,1.2189628077527501,1.0449842849659507,0.9879518072289156,1.0863017286537453,1.0069408067050811,0.9186092194866422,1.0011786275536931,1.0940937663698274,1.1547930853850183,1.0287454164484022,1.4619565217391304,1.1864850707176533,1.1953902566788894,0.9329491880565741,0.9584206390780514,0.8844944997380828,1.2030513357778942,1.1462152959664746,1.5154531168150864,1.1709009952854899,1.0371267679413305,1.3041513881613411,1.0736642221058146,1.0185961236249346,1.0815872184389732,1.0141435306443163,1.1299764274489261,1.1650078575170246,1.169460450497643,1.161930330015715,1.0,1.2298978522786799,1.2216474594028288,1.2154269250916712,0.9903745416448403,1.1180591932949189,1.1036537454164486
1146094,0.1593187918427791,0.18964612963934224,0.22120754018449384,0.8685712522753216,1.0275198222935242,0.9116095393823466,0.9795452441921451,0.7792860889149416,0.8938080399839569,1.0246197513343411,0.9797303551044333,1.0985098571560792,0.8855397525684139,1.0301730787029895,1.1250732730694473,1.2635053836423658,1.2379292259278682,1.2320056767346435,1.069601703020393,1.2280257921204454,0.9930274889704747,1.2339493413136702,1.0755561040323325,0.9677907012618394,0.8309011816246568,1.1939962360781167,1.0805232468454016,1.0923086415944219,1.2666214173325516,1.3884861012556688,0.9448369481380927,0.8656403294974238,0.8545645265788417,1.0526332027273007,1.0675963348039366,1.084996760559035,1.127479714929195,1.1366118532687501,1.3150587727146514,1.043686175300034,1.1625582328078239,1.2424644432789311,0.9229321568506463,0.9742078795544996,1.0,0.6063924968376886,0.8598710393977724,0.7203282633511245,1.0545768673063274,0.9278375960262857,0.9010890692006293
1166734,1.0178275130233456,1.0659463631101678,1.534246575342466,1.0764036272429094,0.9552382789890025,0.9550067528458422,0.78375458228825,0.9992668338799922,1.047732973181555,1.1211267605633803,0.995986880185221,1.0461894655604862,1.012502411730658,0.7937102064441444,0.9035693613737217,1.0256222265097434,0.8393208566467296,0.8152035500675285,0.9158788346517461,1.0350376229982636,0.8618174802238087,1.0495080069457843,0.8809955624155894,0.9309280339571676,0.9961412309473278,1.1673162261238665,1.0130040517075052,1.0595022187922052,0.9622226509743392,1.0011576307158017,1.190005788153579,1.1552382789890028,0.9317769631487556,1.1273393787381827,0.9315068493150686,1.094231140266255,0.9281111325487169,0.8869766544472313,0.8272429095118659,0.9808219178082193,0.9968743970673356,0.8868608913756513,0.928805710978198,0.76044761721011,1.0,1.1589426972795678,1.1266448003087015,1.2142774454948873,1.0604669110553735,0.9868801852209145,0.8949643063862629
1125298,0.24287856071964017,0.21389305347326337,0.2658670664667666,0.5792103948025987,0.6986506746626687,0.5422288855572214,0.36681659170414793,0.12393803098450774,0.24687656171914044,1.0949525237381308,0.8705647176411793,1.1259370314842578,0.43078460769615196,0.7711144427786107,0.5817091454272864,0.7741129435282359,0.989505247376312,0.791104447776112,0.8015992003998003,0.5582208895552224,0.4492753623188406,0.7806096951524237,0.7226386806596701,0.6176911544227885,0.48675662168915546,1.1509245377311346,0.9355322338830585,0.23638180909545226,0.18040979510244878,0.14492753623188404,0.2503748125937032,0.3328335832083958,0.3108445777111445,0.8875562218890554,0.9540229885057471,0.8430784607696151,0.9165417291354324,0.9345327336331835,0.7611194402798601,0.8440779610194904,0.5342328835582209,0.41879060469765117,1.0899550224887555,1.6701649175412292,1.0,1.158920539730135,1.4512743628185905,0.7571214392803598,0.5752123938030984,0.48225887056471767,0.672663668165917
1031996,0.7840701448168653,0.7765974854774048,0.9044235961491259,1.065713038972373,1.0155862219434368,1.342760520358906,1.2152753156789484,1.2042845065044863,0.9096735484222871,0.6400578176562032,1.059126735211498,1.0688084653775876,1.07011754438596,1.2316797120026182,1.2364387596476394,0.8851010445359587,0.9723047972291162,0.9933318788011019,0.9901273624785228,1.0523904328142473,1.1397714566231214,1.0956582212888972,1.1108217198025474,1.1603621785256497,0.829260643085063,0.841096899119099,0.8044972318433469,0.5073635694220962,0.5527858837646931,0.5841355987672839,0.47548204107235387,0.48763193061881255,0.5838765102135435,1.2139798729102464,1.1570212998063654,1.3412332615158042,1.2037390569176645,1.121730711538986,1.24862955791311,1.086126489759184,1.1391987345569587,1.0390405541767802,1.129585185589222,1.1201489077372024,1.0,1.2391932800610903,1.3310197180025636,1.3138244197780018,1.1871028445195952,1.190102817247116,1.2705020863446697
57046,0.1733908654237564,0.17472930065944803,0.2298298461287959,0.7971570463241879,0.7002263290727021,0.8449010827973622,0.8914304323048114,0.4713766995033786,0.8209492794919808,0.9146951070585363,0.7296393389237158,0.7129268094113816,0.49318244728486527,0.7458992102906457,0.7471334364568917,0.6068680289831475,0.7209671904257917,0.7941414963771065,25.007444435398515,28.777272653260603,35.572329235528784,0.8102027192054059,0.581441016038427,0.5881625010176668,0.655009362533583,0.59364324676382,0.8441064886428399,0.48169014084507045,0.5721826915248718,0.5057917446877799,0.5023398192623951,0.5250118049336482,0.7146625417243345,0.7142717577139136,0.7101685256044941,0.7356183342831557,0.9030334608808923,0.6148530489294146,0.9140796222421232,0.7019783440527559,0.5996710901245625,0.7106146706830581,0.8467312545795002,0.8412863307009688,1.0,0.016728812179434994,0.003471464625905723,0.004673125457950012,0.7186517951640479,0.7051143857363835,0.6522152568590736
1126514,0.45414441606686795,0.6192245182261435,0.5690736011144649,0.8755514279080567,0.7032737404225679,0.6754121198049686,0.889250058045043,0.8449036452286975,0.6682145344787556,0.9452054794520549,1.3566287439052704,1.1569537961458092,0.8590666357093104,0.6340840492221965,0.9707452983515208,0.6828418853029952,0.7292779196656606,0.7592291618295798,1.0989087531924775,0.9201300208962155,0.8887856977014164,1.098444392848851,0.973763640585094,1.049686556768052,0.4622707220803344,1.0608312050150916,0.8718365451590435,0.44416066867889487,0.41328070582772236,0.5688414209426516,0.46018110053401434,0.62804736475505,0.5047596935221732,0.6907360111446482,0.8302762944044579,0.6907360111446482,0.7246343162293941,0.8251683306245646,0.9626189923380545,0.6463895983283028,0.8117018806593919,0.8168098444392851,0.9844439284885071,0.722544694683074,1.0,1.7627118644067798,1.6821453447875552,1.8165776642674718,0.863710239145577,0.916182957975389,0.8934293011376829
1111059,0.8824682238110629,0.5812595645028945,0.73602311077757,0.8306588515589151,0.840640971448334,0.8786390319875403,0.8624113058357877,0.8278694638905402,1.0393746708228693,0.9302585269591831,0.7102043215164865,0.9232375884681198,0.7545587500649877,1.0228191803178635,0.9748118745634518,0.7528950634167512,0.8013928854791349,0.7606054372715538,0.5461187049465291,0.5892909213795037,0.6487654586101435,0.8961845968837522,0.9122269666426306,0.8615907647307471,1.0854583388902577,0.8883679821696191,0.9887203853604617,0.6082944725367379,0.5879233528711026,0.6615640914937239,0.8865573666733726,0.8696176007197253,0.829869956667292,0.8582340056646721,0.8062957881150385,0.9447118047157378,0.7953190729467823,0.7583743792256172,0.7829973937082806,0.8126046868042072,0.9498113659635933,0.8087913180873931,0.8861572681180223,0.9157329150005312,1.0,1.059085740894367,1.1071699017385073,0.9940324283269776,0.860440198828638,0.882933875237064,1.0134044318261446
1175940,0.8824682238110629,0.5812595645028945,0.73602311077757,0.8306588515589151,0.840640971448334,0.8786390319875403,0.8624113058357877,0.8278694638905402,1.0393746708228693,0.9302585269591831,0.7102043215164865,0.9232375884681198,0.7545587500649877,1.0228191803178635,0.9748118745634518,0.7528950634167512,0.8013928854791349,0.7606054372715538,0.5461187049465291,0.5892909213795037,0.6487654586101435,0.8961845968837522,0.9122269666426306,0.8615907647307471,1.0854583388902577,0.8883679821696191,0.9887203853604617,0.6082944725367379,0.5879233528711026,0.6615640914937239,0.8865573666733726,0.8696176007197253,0.829869956667292,0.8582340056646721,0.8062957881150385,0.9447118047157378,0.7953190729467823,0.7583743792256172,0.7829973937082806,0.8126046868042072,0.9498113659635933,0.8087913180873931,0.8861572681180223,0.9157329150005312,1.0,1.059085740894367,1.1071699017385073,0.9940324283269776,0.860440198828638,0.882933875237064,1.0134044318261446
1146951,1.2629291777524387,1.5417838591156718,1.1702394526795896,0.9066514633219309,0.9543519574306347,0.7678702647915876,0.984036488027366,1.3987203851513998,1.4002280501710376,0.8867730900798176,1.1215634106170025,1.0607880400354743,1.413074876472824,0.8387811985303434,0.9867984289877106,1.1211833269986065,0.8365767135436464,0.9702647915874826,1.1072342582034713,1.2172051184593944,0.8567971620423159,1.2054351957430636,0.9761434182186748,1.154998099581908,0.9860889395667047,1.2511719244900545,1.04135309768149,1.0440896997339415,0.8862409730140632,1.0810211579880906,1.1948308627898137,1.2289370328138858,0.9167743570252124,1.0268465729127074,0.9519827695426326,0.935740529583175,0.8430634739642721,0.9340681616622324,1.1661978968706448,1.0160775370581527,1.189889775750665,1.1858482199417204,0.9332319777017611,0.8103636133282655,1.0,1.0329785886228304,1.1172557962751806,1.3772836690738628,1.0775623970606867,1.0615735461801596,0.9693525909033321
1112641,1.876856501763009,1.387434554973822,1.8199059728603486,1.0149588631264024,0.9868575702532323,1.0732984293193717,0.9989849342878514,0.9315632011967091,1.1888556469708302,1.1225024041030025,0.9615877764718455,1.1438722085692916,0.8840153862592158,1.2046693022758843,1.240356875734587,0.8920290629340742,1.0587669622822953,1.0503793140292765,0.8542045090287425,0.9532001282188268,0.9402713965167219,1.0055027246500694,1.0348327812800515,0.9122769526658832,1.2886526338284006,1.0207287103323004,1.1672721444598784,1.055294369056523,1.0077465541190298,1.1589379207180255,1.128165402286569,1.1114435302916978,1.1309434768671869,0.9631370872956513,0.9903835879901699,1.1967624746233572,0.9936959076824448,0.8813975852120953,0.9619083235388396,0.9164440645368096,1.0632011967090502,1.0634148947537132,0.9146810556683407,0.8901057805321081,1.0,1.1809488193183033,1.4436905652313283,1.1550379314029278,0.984026071161449,1.0271396516721871,1.1655091355914093
1127368,1.0767233420526237,1.3846553315894756,1.0522580396984151,0.7779850746268658,0.974669179873827,0.8917910447761196,0.7716764117556548,0.48155485459301434,0.9648022772734267,1.2672141867979692,1.0527004154485307,1.2811009386059393,0.9846899523003542,1.1978958301277123,0.9391829512232652,1.499038313586706,1.1701992614248347,1.1270195414679183,1.1432720418525928,1.3539967687336514,0.9406254808432067,1.1156139406062473,1.1246922603477458,1.1172680412371137,1.1232689644560703,1.0088282812740423,1.2637328819818434,0.7995653177411911,0.7400369287582705,0.703012001846438,0.8052008001230959,0.837398061240191,0.9714763809816894,0.7325742421911065,0.9123519002923528,0.9761117094937682,1.1160370826280968,0.8015656254808433,0.9899407601169411,0.793429758424373,0.704377596553316,0.6795660870903216,1.056412525003847,1.4771503308201264,1.0,1.4478573626711801,1.225842437298046,1.0169641483305125,0.9974034466841053,0.9575896291737191,0.7332281889521466
1127558,1.404137620868001,0.8861254778502361,1.0647402743422532,0.9569822352147516,0.9015516078255004,0.9157184618844164,0.911963121205307,1.2261749494040926,1.0994378232516302,0.8388801439172476,0.9217225095570047,1.1285360917472456,1.1027659096019788,1.133235889363616,1.0537440971441423,0.8761637058691254,0.8491117607375759,0.9664268045873623,0.8480998425905104,0.8465932089048798,0.9049696424555881,1.0073532718686755,0.9648976838317966,1.0535192264447943,1.5165729705419384,1.091230042725433,1.1771306498763212,0.9626040026984485,0.91427928940859,1.0844839217449966,1.2625815156285136,1.2395547560152913,1.1324263548459637,1.0518776703395547,0.9734427704070159,1.2000674612098043,0.9275916348099842,0.8630087699572746,0.858826174949404,1.2483921744996627,1.2108387677085677,1.0673712615246234,1.1283786822577018,1.0427254328760962,1.0,0.965190015740949,1.0938160557679335,1.0640656622442095,1.0541488644029684,1.207330784798741,1.0195862379132001
1111981,0.28579045587843244,0.24926686217008798,0.26819514796054383,0.949880031991469,0.8544388163156492,0.9856038389762728,0.758731005065316,0.5614502799253532,0.6025059984004265,0.877366035723807,0.971207677952546,0.9973340442548653,0.6808850973073847,0.8904292188749666,0.9552119434817382,0.877366035723807,1.0221274326846173,1.007997867235404,0.9824046920821115,0.7952545987736603,0.823247134097574,1.0429218874966675,0.8954945347907223,0.8469741402292722,0.9440149293521728,0.8123167155425219,1.0293255131964811,0.5291922154092241,0.6198347107438016,0.6222340709144227,0.7118101839509464,0.7589976006398294,0.7875233271127698,0.8677685950413223,1.0911756864836044,0.9194881364969341,1.1554252199413488,0.8243135163956278,1.1988802985870433,1.2524660090642494,0.9250866435617169,1.1562250066648894,1.0661157024793388,1.1157024793388428,1.0,1.6318315115969075,1.7150093308451078,1.496400959744068,0.8941615569181551,0.8616368968275127,0.7763263129832044
178461,2.062126160507871,1.7464680195222195,1.874133059337272,0.711680305309897,0.8077501743055301,0.8305750247697333,0.8718579134710653,0.7022127628343915,0.8771788191259037,1.0068988294007561,0.8833437305053026,0.975450442185608,0.655865839785696,1.1572419360757404,1.0488055484202417,0.6043814905875015,0.7309823492715863,0.7792007632747423,0.7041943414920554,0.6770393747018458,0.7295512091299402,0.7351289860922536,0.845877215515027,0.9000403654911747,1.0416131518109428,0.875380719973579,0.9073795457047448,1.2644306630949325,1.2293126857729992,1.014054530108987,0.767935121646912,0.9401856812594034,1.213643536017027,0.9027558621701955,0.9002972367986497,0.9155260357418078,0.7189093978202635,0.652416425085318,0.7978055851161425,0.7371839565520533,0.8624637627976957,0.7261384903306302,0.7918975450442186,0.8385013394003891,1.0,1.0019448827565962,1.000293567208543,0.9643682800631169,0.8462441745257054,0.8549411030787862,1.1126931121793697
1128684,3.461783721548136,2.022602072447082,2.5020281640244444,0.978053316800992,0.9111327606057923,1.0205119121424144,1.0707288991231956,1.0406695598264106,1.1719599681161987,1.1908068373040475,0.8835355592950138,1.0331768665308654,0.9415109379151537,1.1393853511646443,1.1522805774510672,0.8663183066158888,0.8610929058542202,0.9578248162253122,0.7564608980604022,0.8168807014436276,0.7746169515543354,0.8916305021698698,1.0232928881409973,0.8793906651315208,1.337702594987158,0.9533256576034009,1.0871490567708795,1.1253919050571253,1.0884598352670267,1.1770436630945,1.3323354884421221,1.1783898680364895,1.370135506155345,1.0361526879815783,0.9082809317155256,0.9965813479762643,0.8312815516783278,0.812877513063502,0.8484102382428483,0.8214861394030644,0.9992914710831636,0.8882295633690549,0.956691169958374,0.8908156939155081,1.0,1.076149145336994,1.0682490479142681,1.0751217784075813,1.004941989194934,1.1350456115490213,1.187299619165707
1128968,0.5982002249718784,0.3925759280089989,0.5426884139482564,1.0226096737907762,1.116029246344207,1.0276152980877389,0.7961754780652417,0.6326771653543307,0.8569178852643419,1.6622609673790774,1.0576490438695163,1.2512935883014622,0.7217097862767154,1.3585489313835768,1.1576490438695164,0.8669853768278964,1.0237907761529808,1.2922947131608546,0.9211473565804275,0.9645669291338582,1.1238470191226095,0.9489876265466816,1.0791338582677166,0.827334083239595,1.069853768278965,1.0005061867266591,1.1821147356580426,0.5907761529808774,0.6483127109111361,0.6678852643419572,0.8183914510686163,0.6936445444319459,0.9789651293588301,0.9936445444319459,1.0609111361079864,1.0685601799775029,1.2616985376827896,0.9529808773903262,1.0453880764904386,1.0310461192350957,0.8913948256467942,1.0194038245219346,1.0607424071991,1.1713160854893137,1.0,1.6838020247469068,1.5528683914510686,1.5049493813273342,0.885883014623172,0.9054555680539933,0.9587739032620922
1113563,0.44183774039474016,0.7734034756677982,0.805489802966869,0.7515857839627329,0.6942279990902275,0.7185433531854671,0.5326591470040687,0.787226962960467,0.8912400704231284,0.8453807987465356,0.9031260793018339,1.0014994398160237,0.9144603280235192,0.6966035161021303,0.7743300957788242,0.7983674638407561,0.7533253026257043,0.6967214495708064,0.9061375946626681,0.9156691460774484,0.6738297209188702,1.064109475954208,0.9269191566072225,0.9728079116509842,0.6467808374961039,0.9625013688706185,0.751910101001592,0.682746333532697,0.7814903420912972,0.6920672894676989,0.7940249850477209,0.9437541592607255,0.7826781005972487,0.8411394057837942,0.8641996108195533,0.8044620970255495,0.7904701333490577,0.9041032423280068,0.8878284236507147,0.7384698974821204,0.7291615772759054,0.6681015238688917,0.8040114226988231,0.8360514189923427,1.0,1.0972740521097455,0.9570258863963743,0.9993976969278331,0.7585059514282584,0.7557766340103275,0.6820850637261922
1148545,1.5174936289266145,1.1823894743941095,1.2833089117368761,0.8802830861540788,0.8330594844692953,0.9242143705256877,0.8128488252088099,0.7854210221919763,0.8831676956435551,1.1257487416235967,0.8644213103463778,0.9828527694499113,0.6630126236151728,0.9074595204375042,0.9285407738478423,1.074810809264266,0.82947594728205,0.9308347689962212,0.7243772492903433,0.7666429603470932,0.7368966384030116,0.822753366399562,0.9242102832292095,0.777476339662512,0.8405014295319433,0.7791981133039458,0.8608408386314914,0.9438211317315218,1.017897249453835,1.0264979430680472,0.8014646826929562,0.8496968247837309,0.9389848381737141,0.7853188397800218,0.846784626043027,0.8813181939871781,0.8096985414482518,0.8711163019776385,0.9044328773954112,0.7581393400242377,0.7641221202441751,0.8179763386406879,0.8200802745028316,0.847858563192669,1.0,0.978476296745899,1.177716672695429,0.9878219001432598,0.7085716738092173,0.7717265353418308,0.9596542964638756
1148603,2.084883896830799,1.4632213902125404,1.7504592261229426,0.9909775573492386,1.1762104660334747,1.2530200870908834,1.0866262547678474,0.8836402044366645,0.8712789177390947,1.2209363890779819,1.0938631181994012,1.231006947821107,0.9020146520146519,1.440811155412925,1.2304693831242501,1.0519925011075453,1.0701859595664904,1.0434562978810766,0.9871659805288122,0.9379315374890594,1.0369460922558267,1.035168617027024,1.0917614833544036,1.021243260181313,1.4082790365976205,1.0313840535079473,1.3221498265746052,1.2993397949150158,1.4008990026689139,1.3785508984624026,1.0323889483181519,1.2279220288069843,1.4772007736609505,1.1620798080975072,1.1379812419635427,1.3022950500826607,1.084000561876668,0.9569434989788972,1.0756831663911308,1.1428517401968727,1.2132213902125406,1.1362415853566297,0.8774595610878796,0.9819875306600969,1.0,1.6448021005543125,1.617488951559748,1.397965358142349,1.1107788475045108,1.1024614520189742,1.2635201573254669
1129362,0.48377204677917035,0.4261266237476668,0.43545960153898905,0.8105119804959813,0.9470115424174318,0.9092129823625769,0.5633118738333779,0.701792312673803,0.8988229019846864,1.1266618414536589,1.0226848501009487,1.0440078473201022,0.8435583406346426,0.7432764466115578,0.9004704582682566,0.9695059235838638,1.049817149822864,1.0469505923583864,1.0997200106662604,1.1059102510380558,0.9811721458230164,1.1002342767894557,0.8929659822482954,0.861100529503638,0.8346348710525314,1.1064721343948802,0.9189364214696585,0.542065064188031,0.6066245095424937,0.6470896346805837,0.5713306159765343,0.7132585425317132,0.6505371223953373,0.8098072454382691,0.851043769761152,0.8304445544931622,1.0332463525199043,1.0525694259266316,1.070644927812274,0.8911755742638378,0.8497866747933414,0.9625061902403721,1.0089139461353853,0.9829530303607483,1.0,1.08495866824121,1.0139423260066283,1.1014342310769114,0.830225515218468,0.8437297626757078,0.7729705535027238
1155720,0.0778235878299076,0.06291191429173312,0.08871768635830149,1.1330464353426224,1.1687080562159557,1.3409371332270006,0.626997502181829,0.48936170212765956,0.5350145956844924,1.3972433717535886,0.9598693911944386,0.9051581449938306,0.32339221764121695,1.0078545848505822,0.8290649733666375,0.8680670498660807,1.3529898582563422,1.5244364862018114,1.0472779800776428,1.1461223629961779,0.9965391675945708,1.0459989767973759,0.6470101417436576,0.827831111378615,0.988940383400042,1.1182400914863522,0.8082849318366487,0.6044268560594661,0.7478858828132053,0.8872370519726743,0.8035300490535375,0.7869180535074782,0.8364530981973577,1.054846670077342,0.9134942369616901,1.094209876914743,1.5294020283487315,1.1859670769508561,1.4042252249541063,1.1159980739715307,0.5180715639953053,0.8973487014354931,0.9597038731228745,0.9050678624093411,1.0,0.8581058713774112,0.9969905805170183,0.8734087694483733,0.8643353697071833,0.8295163862890848,0.9195883114147281
1148178,1.882647596469681,1.457413384364914,1.3331095941275601,0.912681014538288,1.08261332152752,0.8118127160035418,1.0420546399702952,1.1834173545457143,1.001756590785753,0.9387085487418241,1.0323255548256263,1.464500442718003,1.2295742766559083,0.9527541344148983,1.128841649767216,1.1361679186541374,1.0088793522035933,1.017351689469024,1.0586244323212706,1.1763695695638512,0.9948123446916685,1.0731055953843078,1.046192625174945,1.1155886721316157,1.2686191482676874,1.1928893776241754,1.2026398846076949,0.8956399417325983,1.1969238239410471,0.8571270457856102,0.9453171860272487,0.9091821141926824,0.9979970580674645,0.8845291479820627,0.8824512296135502,1.043536317157465,0.9024699380194796,0.9338207991774015,0.9217817257433378,0.8786631344434607,1.0186155779612123,0.7713504327211449,1.0489203393219275,1.3069820913427208,1.0,1.3034867613035903,1.2408457341978236,1.281193767673017,0.97152323555454,1.016187769558139,0.9630044843049328
1148430,1.7637600640949866,1.2887242733493574,1.600793306802212,0.785076900849784,0.7887124525526354,0.8913379828467106,0.8178599104246294,0.7957208715867451,0.8202109355503895,1.1477179295217832,0.8325728620775708,1.0438971853369583,0.706166515623153,1.0847735004005936,1.0311280980338076,0.8022564587519867,0.7658326437868579,0.7825551308824882,0.6663619527956185,0.7512799296005884,0.736690439602296,0.7498640608377005,0.818971065316469,0.7347334410339258,1.0463138815556168,0.7962409866424998,0.9162404612737566,0.9059642486570262,0.8533144200585786,0.9438380813533499,0.82026872611214,0.8732994470493978,1.0113453380091153,0.8722644706253202,0.7903752446248211,0.9342553554776258,0.8389324507138448,0.7041937559924872,0.776234944901953,0.7203987548760786,0.8014684056372067,0.8060075915783391,0.8136911094474434,0.7950063700960113,1.0,1.0097088143740889,1.0729185547105875,0.9033058828165019,0.8471702326070111,0.9599826628314748,0.9588426126587598
